,index,GradCAM_mean,GradATT_mean,ATMAN_mean,chefer_mean,rand_mean,GradCAM_mask,GradATT_mask,ATMAN_mask,chefer_mask,rand_mask,GradCAM_std,GradATT_std,ATMAN_std,chefer_std,rand_std
0,0,4.434653759,4.439938545,4.393401623,7.460361004,5.689567089,0.386230469,0.298448086,0.392822266,0.396399021,0.500623107,2.891832113,1.636150241,2.518411875,3.485591412,3.300420046
1,1,0.423770726,1.812807322,2.244759083,0.935331166,1.562645316,0.429199219,0.446921378,0.41015625,0.483877957,0.49518761,0.461875141,2.72591424,1.74936223,1.256801605,2.754163027
2,2,2.790499926,2.433051825,2.088417053,2.746009588,2.013954878,0.498291016,0.396357358,0.500976563,0.457315683,0.497905076,0.8836025,0.187781155,0.532314837,1.485049009,1.123124599
3,3,0.378813088,0.631591618,0.422158301,0.304024458,0.24980326,0.5625,0.674359262,0.443359375,0.493212104,0.494201094,0.184721291,0.54908967,0.29373917,0.253353924,0.209316418
4,4,0.659211576,1.559893489,1.132095218,0.22364758,0.328644633,0.409912109,0.37652868,0.619628906,0.53641212,0.497872561,0.669857919,1.764587283,0.826330841,0.209799916,0.317443848
5,5,0.370048076,1.687716842,2.723195314,0.131183669,1.554715157,0.304199219,0.344919324,0.396972656,0.38572526,0.499195278,0.488018781,1.604784727,2.334760904,0.077482387,2.041890621
6,6,4.32401228,2.563368082,4.041606903,4.3861413,1.862484336,0.320556641,0.317293614,0.476318359,0.371344507,0.505253077,2.051748514,0.860028088,1.123749733,2.166474342,1.213266969
7,7,3.255192995,5.002652168,2.703436613,2.035763502,4.110846043,0.418212891,0.390029281,0.383789063,0.435259551,0.496536195,1.686177731,3.418996811,1.023539782,0.81184268,1.682663321
8,8,1.927551627,3.3840065,7.132797241,2.477478981,2.14607501,0.467041016,0.426208228,0.531738281,0.391534835,0.494790792,2.658898354,3.48150754,1.722004294,4.156510353,2.855525255
9,9,0.374736875,1.941715598,2.467943192,2.195230246,1.739120841,0.434814453,0.420520037,0.747070313,0.382254839,0.495917261,0.372389674,1.355997682,1.536280394,1.896766543,1.083977342
10,10,0.520504236,0.875112176,0.638671041,0.450197607,1.056086183,0.420654297,0.36568737,0.284912109,0.466342837,0.504595101,0.176783398,0.578591287,0.361614913,0.174474895,0.627490461
11,11,0.869172275,1.161631942,4.221324444,1.576345801,3.347998142,0.388916016,0.458298236,0.311035156,0.620960176,0.504996061,0.875172079,1.795036793,2.448491096,1.488643289,2.9950037
12,12,2.899347782,3.435926199,3.197547197,2.795802832,2.960399866,0.378173828,0.300625116,0.647949219,0.412646055,0.496743709,0.637466252,0.830029666,0.632275999,0.369705826,1.112159967
13,13,2.188192844,1.630276561,0.002685628,5.666612148,0.385517508,0.410644531,0.455545992,0.577636719,0.385538638,0.486596584,3.50682354,2.375775337,0.000855292,3.053025484,0.543841958
14,14,5.058175564,3.642983198,3.271949768,0.387004286,0.707998931,0.353027344,0.406641304,0.388916016,0.379169792,0.498301029,3.36648345,3.237282991,2.174626112,0.247541785,0.973484695
15,15,0.53383559,0.998604417,3.898803473,0.488387913,1.661887169,0.603027344,0.588559151,0.702636719,0.487452328,0.505442083,0.738803983,0.787106395,1.525868773,0.619813979,0.811817765
16,16,1.427633643,2.485216856,0.992338479,1.27896297,1.354253411,0.308105469,0.256171823,0.405761719,0.339731514,0.501470208,1.243480325,1.770628691,0.709667742,0.883945405,0.96358645
17,17,2.846866369,2.331117392,4.499186993,2.332526445,2.102258444,0.314208984,0.317214251,0.318847656,0.294415861,0.494342178,2.56603241,1.532344103,0.834203482,2.060118914,2.84376502
18,18,3.134628773,5.860134602,2.058590889,5.115400791,3.969017744,0.487548828,0.517665684,0.60546875,0.48369348,0.494346261,4.212452888,2.662081957,2.897458792,2.272658587,3.632388353
19,19,1.509455562,1.262619853,1.46689415,1.189059615,1.096166492,0.450927734,0.512273014,0.478759766,0.407701045,0.501832128,1.077390552,0.446815878,1.07867384,0.35420233,0.588890672
20,20,0.332106948,1.854382396,0.503687382,1.800231218,1.685924888,0.361816406,0.353767157,0.392578125,0.347227395,0.495295137,0.169786513,1.386777043,0.39434433,1.282885075,1.852939963
21,21,4.206245422,3.284370422,3.688217878,2.142340183,1.338404298,0.360839844,0.338435024,0.55859375,0.379181057,0.503756106,1.202799082,2.291646242,2.617641211,1.161739469,1.514518619
22,22,1.586496115,1.577778816,0.474723727,1.597089171,0.756008327,0.342773438,0.284710288,0.399169922,0.352171928,0.504586637,1.840470672,1.698441982,0.384028554,1.916778684,0.627900958
23,23,1.469437599,1.462545872,1.842311263,2.920148134,1.173254371,0.303955078,0.311827719,0.615234375,0.364571035,0.505811036,0.923953414,0.576081753,2.31903863,1.329437256,0.456592947
24,24,1.553479671,1.457267404,1.465203285,1.494755626,1.687139392,0.391113281,0.35765332,0.374511719,0.308109224,0.500957072,0.612820685,0.193253398,0.444537967,0.313570321,0.298297554
25,25,3.954955339,4.737574577,2.408355236,3.994931936,1.858754039,0.478271484,0.427925438,0.457763672,0.505954981,0.501150429,2.343608856,1.8911376,2.139046192,2.085127115,2.126778364
26,26,0.4488011,2.341487646,0.604551673,0.073964819,0.041073579,0.362060547,0.371905833,0.538085938,0.361431479,0.502056301,0.661136806,2.834490776,1.233570337,0.09881977,0.025560101
27,27,0.814402282,1.166278124,2.156509161,0.443051159,1.143849611,0.235839844,0.307391584,0.514160156,0.509662986,0.506703973,0.740751565,0.832301378,2.095095158,0.336295217,0.815256417
28,28,1.16985929,1.491851926,0.8229599,0.466813236,3.075877905,0.415527344,0.416768074,0.553222656,0.368508756,0.499073386,1.516815543,2.393239021,0.991320491,0.902288258,1.849316835
29,29,3.431994677,4.217412472,3.754015684,4.909117222,2.397667408,0.292724609,0.278226405,0.605957031,0.313161075,0.501905084,1.95241344,0.78982991,0.35335052,2.554698229,2.071974039
30,30,0.619988084,0.728365421,3.52260375,0.661156356,0.873078525,0.519042969,0.565735698,0.591308594,0.590435386,0.498477936,0.505212069,0.305622011,3.910777569,0.244274899,0.502048314
31,31,2.617190123,3.465878248,2.437268734,3.093511343,2.267392874,0.408447266,0.308874458,0.520507813,0.372206986,0.497367561,1.34773159,0.606205821,0.764206469,1.519088745,1.346194625
32,32,0.987981915,4.21036911,3.024791718,4.919484138,2.717489719,0.322998047,0.335821062,0.401611328,0.426508695,0.507826447,0.28769666,3.202372313,2.009208679,2.55440259,1.988919258
33,33,0.065071456,0.464682311,0.747144818,0.509305179,1.99209106,0.469970703,0.484952867,0.449951172,0.512089014,0.502538025,0.048535708,0.44343552,0.739710867,1.0415591,1.504889131
34,34,3.056893349,2.956555605,2.520369053,4.994087219,4.474174976,0.467285156,0.493929297,0.540527344,0.449647546,0.504797816,0.949933231,1.156280875,1.064652562,2.965816021,1.553437948
35,35,5.108639717,6.097499371,3.786238909,4.798270226,4.518538952,0.252929688,0.19944711,0.756835938,0.252350628,0.5006181,1.804565907,0.602171957,1.218105197,1.702812433,1.978469968
36,36,1.680274248,2.195584297,1.678941965,2.164412498,1.646533251,0.392822266,0.412734121,0.266113281,0.378878444,0.500281513,0.476190716,0.483402938,0.350881636,0.952008128,0.447792858
37,37,0.846663952,1.292469859,1.532795072,0.49303475,1.000172019,0.569824219,0.483888835,0.454101563,0.591021657,0.499155015,0.493316799,1.028617382,1.756714225,0.303744346,0.858457088
38,38,1.485434532,2.374804974,1.900733232,2.543498755,2.921160698,0.389160156,0.357686371,0.391113281,0.456149727,0.498185843,0.413696408,2.01926899,1.109546185,2.36763835,1.916404247
39,39,2.530964613,2.65981102,1.549010873,1.774904609,2.182162046,0.361083984,0.43803212,0.453369141,0.468608022,0.501676381,1.03930974,1.898724318,0.613928318,0.406387329,0.952892959
40,40,0.615468919,0.677991092,1.411012053,2.101675749,1.061032653,0.3671875,0.425608516,0.437744141,0.360610038,0.510555565,0.631315231,0.559689701,1.575654864,2.169842005,0.526146114
41,41,2.312618494,2.330323935,4.426566124,2.436992407,1.446610451,0.390625,0.381519079,0.698242188,0.358257294,0.493062228,1.610210061,0.979937375,0.928026736,1.561697721,0.855907559
42,42,4.680706501,5.704938412,6.543406963,4.881288052,2.699945211,0.318359375,0.271204829,0.424560547,0.314426273,0.499365866,2.163040876,3.135666609,0.317914546,2.898871899,2.534346819
43,43,0.055737901,0.02580891,0.039569382,0.003980668,0.083910823,0.488769531,0.45187363,0.607910156,0.536146045,0.50468421,0.10854204,0.032559577,0.076029308,0.002976092,0.096732803
44,44,1.37562716,2.645090818,3.449252844,0.96864146,1.205961108,0.317626953,0.331534117,0.732910156,0.3528786,0.496192932,1.055736542,0.578188241,0.594112337,1.104266286,1.251693487
45,45,1.244571567,2.18867588,1.411325455,2.622577667,1.347599506,0.47265625,0.470486283,0.495605469,0.527811348,0.504304767,0.189144,1.636124849,0.158255696,2.129986763,0.618544817
46,46,4.440120697,5.313132763,3.578761816,5.336656094,3.336639404,0.380371094,0.35070774,0.549316406,0.278658777,0.498130232,0.473856658,1.13035059,2.029443741,1.560033917,2.628139257
47,47,1.858687282,2.388648987,3.779058456,2.058923721,2.303430319,0.5078125,0.445540994,0.668945313,0.474443346,0.503337801,0.429741234,1.224227428,2.018122911,0.29374516,0.732609749
48,48,1.377352715,1.069889069,0.807599843,0.784398973,0.987253845,0.587890625,0.464074075,0.533203125,0.62325871,0.506980062,0.872520745,0.45243156,0.421736985,0.610112667,0.643477499
49,49,0.259985656,0.81801796,0.32359311,0.223409563,0.44700107,0.30859375,0.251321822,0.535644531,0.425241441,0.499668419,0.284816265,0.654310107,0.16218324,0.113661654,0.269061953
50,50,0.837909639,1.175384879,1.425404906,0.556928158,0.427037537,0.464111328,0.410218388,0.357666016,0.541602194,0.495623291,1.023624539,1.503580213,0.360698193,0.174419522,0.19143337
51,51,1.011156797,0.698026061,0.44241786,1.046587825,0.786449134,0.501953125,0.482280582,0.531738281,0.504626691,0.504037082,0.974957466,0.391373575,0.362336993,0.560114324,0.683340013
52,52,2.534826994,2.497353792,3.789417028,1.627717614,1.56099093,0.490966797,0.452932179,0.481445313,0.463201463,0.499659747,1.245362878,1.88101995,1.382889748,1.563089371,1.907844305
53,53,2.101002455,1.517083883,3.517620564,3.057867289,1.736076355,0.378417969,0.33225888,0.271240234,0.350022614,0.492664725,1.551317692,0.961411893,3.147015572,1.747346997,2.155641079
54,54,1.268432617,2.428366661,1.548443794,1.643752456,1.824826121,0.270996094,0.245158687,0.40234375,0.298734128,0.500814319,0.294236332,0.990574539,2.183687687,1.171867371,0.887034774
55,55,1.50940311,3.106856108,4.272617817,0.940359116,1.383779407,0.462646484,0.431114137,0.524902344,0.411689073,0.501853168,1.956457138,1.783217311,3.301836967,0.603552997,1.30999434
56,56,3.533970356,3.145490885,2.183842421,3.507539034,2.840623379,0.500488281,0.509278178,0.451904297,0.529305995,0.501763344,1.197757363,1.617794037,1.028375864,2.175669432,2.268120527
57,57,3.063057423,5.098556519,1.963948607,1.980918884,2.812659025,0.441650391,0.356971592,0.432373047,0.475807041,0.505623937,2.949059725,1.984328985,1.474526525,2.601098299,3.71195364
58,58,1.882281184,2.036745548,2.335665226,1.668772101,3.062201738,0.54296875,0.458431453,0.457763672,0.433219016,0.496300668,1.400698662,1.604377389,1.072568178,1.120369554,2.36442709
59,59,1.78876245,1.407831907,2.683208227,2.418241501,2.631713867,0.467041016,0.469615757,0.436035156,0.336000502,0.508669376,1.068724632,1.429990768,1.948323727,1.988966584,2.300471783
60,60,0.944609106,3.134668112,2.275183916,1.388080597,1.385196805,0.451416016,0.358508289,0.694824219,0.450233996,0.488806874,0.33976686,1.104397178,1.284082294,0.604921043,0.489819348
61,61,1.483255625,1.563319564,2.162512302,1.959391475,1.899548888,0.419921875,0.364485383,0.497558594,0.355136693,0.496349871,0.33366698,0.331052572,0.979178369,0.636299729,1.063408256
62,62,4.502083778,5.050947666,4.414927483,0.960395813,1.952083468,0.325439453,0.289387852,0.456787109,0.418546289,0.501462698,1.049251914,1.037456751,1.592476726,2.046406031,3.377945185
63,63,0.373489708,0.315583378,0.434108466,0.538556218,1.275070071,0.645996094,0.545936406,0.329101563,0.678862691,0.509508848,0.139756918,0.094864085,0.186769858,0.405825794,1.47505939
64,64,0.910260201,2.960283041,1.37148118,1.459008694,2.611219406,0.2578125,0.271745026,0.48828125,0.343745559,0.499991089,0.476531923,2.787839413,1.658617258,1.527279496,1.728069305
65,65,2.932585478,3.443089724,1.535466433,4.009736538,1.735797167,0.39453125,0.280208409,0.424560547,0.408209741,0.494540513,1.850421548,0.814537048,0.936288357,1.174387336,0.527554989
66,66,1.835958362,4.261768341,1.444195986,2.313114166,4.358571053,0.469726563,0.468108237,0.650390625,0.594771087,0.499583364,1.649629116,1.196338534,1.562712431,2.495388746,1.178007841
67,67,4.320073128,4.579120159,4.285438538,3.514473677,3.710433245,0.267578125,0.289921999,0.501953125,0.372904956,0.49591437,0.638774991,1.11233151,0.455135912,1.535807014,0.778461099
68,68,2.092774153,0.755206704,0.427155495,0.877423227,0.706636608,0.628417969,0.656795502,0.435058594,0.55047518,0.500973701,2.574864388,0.314586669,0.15191339,0.466621786,0.836168349
69,69,0.980431974,0.92459029,0.569169939,1.453470588,0.492398173,0.347412109,0.292836726,0.517089844,0.31904158,0.498440295,0.989942431,0.653779328,0.157058939,2.094874859,0.200036407
70,70,0.340958208,2.685764313,1.432613611,3.009556055,0.461626291,0.407470703,0.291481435,0.678222656,0.299460322,0.497620553,0.112524375,0.851284802,0.678713381,2.512030363,0.340414375
71,71,3.620888472,3.029235601,1.012582898,5.212331295,2.221443415,0.429443359,0.306299448,0.624511719,0.466368943,0.503503621,1.787638545,2.543846607,0.845540106,2.679313183,2.650302172
72,72,1.044928193,0.329999596,0.296578646,0.381947577,0.304185212,0.492675781,0.402174115,0.364013672,0.460500717,0.503694654,0.802059412,0.123179398,0.161987513,0.337403953,0.115091763
73,73,4.11366415,3.899130344,4.350563049,3.20091033,3.554852247,0.63671875,0.458580583,0.552246094,0.675257385,0.501440108,2.306007147,1.053568006,1.27224195,2.041517496,0.86705339
74,74,1.811145425,2.619990349,2.011692286,2.116716623,1.249968529,0.340332031,0.35386315,0.455078125,0.396077871,0.501646996,1.245233893,1.464967132,2.088298321,1.587601542,0.864418745
75,75,0.89728564,0.638084948,1.241380215,1.382282019,0.674961865,0.454833984,0.449989915,0.458496094,0.436505586,0.492236197,0.85131681,0.216956496,0.614416361,1.734856486,0.481095463
76,76,4.085775852,3.88882637,2.736898184,3.192273378,4.013736248,0.480712891,0.423287988,0.514648438,0.439627498,0.506747425,0.296201974,0.179077506,1.188066006,1.079616189,0.357846141
77,77,2.108438253,3.382982016,2.707251072,4.385576248,1.877635241,0.374511719,0.444465816,0.430908203,0.367512256,0.50254029,2.372135639,1.813928843,1.765333652,1.446147561,0.282229125
78,78,3.057045698,0.841659963,0.915271223,1.607923388,2.018467188,0.484619141,0.532856703,0.368408203,0.478256166,0.502014816,1.082907557,1.290687442,0.92037338,0.865861356,0.7567451
79,79,1.022176862,5.219731808,5.952218056,4.409900188,1.412281275,0.373779297,0.408093035,0.569335938,0.349298418,0.50313127,1.72061944,3.045962334,3.377304554,2.768246174,2.296828985
80,80,0.14704375,0.282458335,0.796280682,1.585310578,0.732278764,0.464599609,0.496673495,0.596679688,0.466167241,0.497768492,0.035008624,0.113444947,0.808864295,3.096240282,0.940238237
81,81,1.559182167,1.56447947,0.777575135,1.010475039,0.967127025,0.554199219,0.64930445,0.460205078,0.501587391,0.497409701,2.632470369,1.237836361,0.115945041,0.680575907,0.482318908
82,82,1.734300256,3.106267929,1.376830935,2.91717124,1.815806985,0.330566406,0.350617945,0.376220703,0.330653191,0.495097131,1.211889148,0.685118556,0.864074647,2.043473482,1.145501137
83,83,2.111406326,4.869189262,2.858520985,2.895921469,3.566514969,0.419921875,0.370116711,0.337402344,0.437674761,0.502319753,2.250713348,3.082345724,2.222047091,2.21144557,1.501605511
84,84,4.234798431,4.945549965,1.038274527,5.703708649,3.902596235,0.369873047,0.3840819,0.434326172,0.337796956,0.499290049,0.920321167,1.470413566,1.91194725,3.374593019,1.732614279
85,85,2.937145948,1.999867439,1.598587155,4.128788948,2.181899786,0.7109375,0.737131774,0.591308594,0.621892869,0.493752956,0.797972083,0.585914254,0.264383942,2.298448563,0.974689603
86,86,1.240065813,1.358829141,1.369172931,2.1074121,0.83701086,0.453857422,0.410691947,0.541992188,0.467875391,0.496610641,0.297599822,0.316379637,0.465914696,1.90771842,0.364892811
87,87,0.446068585,0.682640851,2.252444029,1.066334724,0.309100538,0.419433594,0.365900606,0.581054688,0.568749249,0.503212512,0.135092497,0.29425928,0.651026428,0.53616792,0.206536695
88,88,0.004159558,0.011002774,0.009817965,0.017256012,0.012107646,0.322021484,0.388837248,0.456054688,0.410576582,0.495510191,0.002432379,0.007373553,0.00720793,0.013318912,0.016382847
89,89,2.059862375,3.268609762,2.41035676,3.509883642,5.508163452,0.352539063,0.352139205,0.387451172,0.359154731,0.496663153,1.553149104,2.177026749,2.461371899,1.8321141,4.549862862
90,90,1.132525325,0.526628911,0.569590271,2.237351179,0.338828325,0.364257813,0.417529404,0.458007813,0.373992711,0.508196414,0.584172964,0.394671679,0.239196226,1.93403995,0.210781112
91,91,2.201800823,2.856410742,2.193470478,2.973814726,2.323846579,0.335449219,0.265112638,0.711914063,0.264143318,0.494918615,0.421031594,1.313398242,0.609963894,1.070248246,0.204544201
92,92,6.997227669,6.182880878,6.835896492,5.835114956,7.534760475,0.354736328,0.425216645,0.383300781,0.353605181,0.505976498,1.079539061,1.003427982,1.242640615,2.018468618,0.59723264
93,93,0.267847151,0.222007975,0.444551766,0.293899387,0.300617218,0.458496094,0.419292539,0.440185547,0.681993008,0.50578475,0.135209382,0.083873637,0.327167243,0.147880197,0.148232356
94,94,2.737515211,3.488388777,2.14265275,1.607530951,2.205403805,0.349365234,0.315841854,0.511230469,0.417209327,0.494632155,1.525756836,2.109817743,3.069941759,1.259903193,2.097673655
95,95,1.511285424,3.72611928,2.215734005,2.007951021,2.413570166,0.271484375,0.275191694,0.5234375,0.307794571,0.496224284,1.393797398,1.651885271,1.922678947,1.201194406,2.205822945
96,96,0.074667893,1.057044148,0.823306859,0.305016696,2.308996916,0.287841797,0.330448687,0.546386719,0.393606991,0.496948808,0.102607846,0.607319653,1.002258778,0.433330327,2.303274393
97,97,2.882212877,2.761013746,2.609289169,1.924351573,3.391260862,0.370361328,0.298482209,0.366455078,0.410132557,0.497805566,2.819723606,0.707492888,1.793971539,1.522561789,1.86005044
98,98,1.959787726,2.120286226,1.105239511,3.517026663,2.145718813,0.468505859,0.459678203,0.395263672,0.39199847,0.501485944,0.791360378,1.647197008,0.856970549,1.450310469,1.124289751
99,99,1.470205069,1.646139503,1.193575263,4.011502266,0.722540736,0.299316406,0.311636388,0.608398438,0.419639766,0.503923476,1.643376708,1.103465557,0.999670446,2.577302933,0.382032245
100,100,1.194151878,1.423554659,0.995495975,1.163693309,1.316033244,0.371826172,0.32656005,0.486572266,0.328639865,0.500926912,0.491137326,0.606278419,0.36680454,0.300489604,0.525286973
101,101,1.485200763,1.386199355,1.005444407,1.293609262,1.654418945,0.375488281,0.379400074,0.485107422,0.440635711,0.503904521,0.357173711,0.68788749,0.123807579,0.459447443,0.678814471
102,102,0.010648357,2.170824289,4.21172142,1.76581037,4.494692326,0.563476563,0.434410483,0.609375,0.494179964,0.504643559,0.003621789,2.866410017,3.655112267,3.250561237,3.854308605
103,103,5.563258648,7.169458866,1.207070231,5.342197895,6.061271667,0.342285156,0.337231398,0.550292969,0.376305759,0.497612059,3.639263153,1.217725873,0.780837834,3.60486269,2.691906929
104,104,1.677086473,1.927029848,0.528358221,0.66935575,1.651131868,0.271728516,0.283464074,0.421630859,0.441812366,0.503041387,0.828393281,0.876198888,0.363605529,0.248804748,1.900886059
105,105,1.028442383,1.558252096,1.301352978,1.716971278,2.050063848,0.264648438,0.339877993,0.626953125,0.352988005,0.498648494,0.412380546,0.745839,0.622574449,0.252334893,1.041213751
106,106,1.008122802,2.030225515,2.046814442,2.296664238,2.13852191,0.507324219,0.437267005,0.461181641,0.614731967,0.496344417,0.489666134,1.856146455,1.338486671,1.724283934,1.708597302
107,107,0.393831223,0.519292057,0.249862909,0.717280447,0.591403365,0.577636719,0.657001376,0.485351563,0.525014162,0.500378072,0.272477299,0.345744729,0.110538185,0.703755975,0.554087758
108,108,0.240878254,2.307214022,0.386357397,0.487592429,0.63900876,0.420898438,0.44229278,0.332519531,0.492324233,0.500714481,0.102309063,2.551647186,0.455774665,0.264239639,0.414453924
109,109,3.316465139,3.647774935,0.888508439,1.860884547,1.524310827,0.296386719,0.244909883,0.804199219,0.319934309,0.500756025,1.10783565,2.222614527,0.661388159,1.037167311,0.965382278
110,110,2.033682585,3.736603975,1.139697909,1.935441256,3.152852058,0.379882813,0.331543535,0.685058594,0.409830272,0.48734498,1.130052686,2.583700895,0.966094136,0.446590215,2.781877041
111,111,2.084333897,3.234961748,1.76428318,2.790479422,2.175669909,0.402099609,0.355738997,0.310302734,0.419230759,0.497167885,0.816821456,1.280709028,0.228710324,1.03589046,0.957040012
112,112,0.905567825,3.690171003,1.453254342,0.080436885,3.523161411,0.542480469,0.441696227,0.322265625,0.461738437,0.492807388,1.967922926,3.258989334,2.06816411,0.130049616,3.294300079
113,113,0.224663973,3.824776888,0.066949576,2.260406494,0.065233879,0.444824219,0.443413168,0.42578125,0.413677841,0.485560775,0.266343296,3.388576269,0.042207606,3.039753675,0.053320345
114,114,0.636602938,1.564785242,1.59232986,0.211060673,1.306590557,0.294677734,0.265740454,0.499511719,0.325588524,0.502313733,1.040626645,2.158402681,3.334939957,0.233560696,2.773585081
115,115,2.130107641,1.564074397,1.728294253,0.761339605,3.006344557,0.54296875,0.466230392,0.607421875,0.59398514,0.4970631,2.32412982,1.041187406,0.696865797,0.45208025,2.419431925
116,116,1.814192653,3.212248564,1.71071744,1.807832718,1.599005818,0.362548828,0.301193565,0.42578125,0.397690237,0.497461766,1.290127754,0.681306541,0.650009096,0.977319241,0.90631187
117,117,0.31046316,0.400810301,1.243255734,0.59041661,0.893639207,0.446044922,0.505549192,0.458251953,0.514509201,0.496825308,0.160579547,0.165205359,1.361308336,0.300800502,0.905755281
118,118,3.541358709,4.183227062,1.097292304,3.420574903,2.837085485,0.516601563,0.419655025,0.440429688,0.513602316,0.499990135,1.37223804,1.496957779,0.810388446,2.224196196,1.293882132
119,119,1.507464409,2.420834064,4.631434917,1.213474154,1.318992496,0.331787109,0.284454674,0.643554688,0.365829825,0.499640584,1.317697167,1.293125749,2.316373825,0.365570247,0.551783442
120,120,2.830035925,3.020689964,3.494508505,1.580949426,1.938859582,0.425048828,0.409973472,0.629394531,0.584907115,0.500786722,1.465083122,1.331439972,0.565972805,1.177434921,1.284689784
121,121,4.677161694,4.354711056,2.874095201,4.841714859,1.771285653,0.306640625,0.299066216,0.610839844,0.300877869,0.509240866,4.035512447,1.528475285,2.248815298,3.880720615,2.028859854
122,122,2.945523262,1.544214129,3.254293203,3.496402025,2.505085468,0.337890625,0.372215122,0.537597656,0.405594498,0.495625407,1.71846664,0.601152301,1.428644419,1.108383894,1.475255132
123,123,0.824662626,1.216816425,6.273667336,1.615271568,1.440942764,0.296630859,0.285465598,0.796875,0.3867248,0.506498873,0.508457959,1.388797402,1.163807392,1.377122879,1.327037573
124,124,1.8661865,2.55177021,1.894142389,1.831780434,1.644081473,0.334472656,0.309867918,0.541503906,0.353648424,0.50444901,1.471617341,1.708021998,1.537619591,1.437014222,2.234968662
125,125,2.824478626,1.074680686,2.287477255,1.418975115,1.548337579,0.44921875,0.425711185,0.522460938,0.514836669,0.497810155,0.916129231,1.001521945,1.959482312,1.639806867,1.291526556
126,126,0.908148944,0.997141004,1.419689655,1.248300791,1.333632708,0.641113281,0.525154591,0.4765625,0.568704963,0.501346886,0.503145218,0.534112096,2.05688405,1.384670019,0.751361251
127,127,4.860735416,2.030529737,2.119621277,2.288156748,1.17525959,0.530761719,0.515694141,0.362304688,0.460104495,0.500268817,3.631150484,1.060057998,1.823111534,2.013514996,0.428388357
128,128,2.496923208,3.581846237,3.387646437,3.047353506,2.152948856,0.366210938,0.360409856,0.617675781,0.365628839,0.520589471,0.940283835,1.804008842,1.575188041,1.049927115,1.557706714
129,129,3.656295061,4.104777336,0.099163651,1.764155984,0.671549261,0.297851563,0.278433204,0.423339844,0.316290915,0.506274223,1.003467679,1.474829674,0.097414233,2.474201202,1.417892694
130,130,1.38262713,0.913280904,0.684058309,0.689896584,0.432065099,0.482910156,0.503106475,0.359619141,0.528328419,0.501114249,1.127574682,1.064583659,0.569877028,0.356295913,0.093317837
131,131,2.674789667,1.757350922,2.274469137,3.48179245,2.100960255,0.430664063,0.410398722,0.785644531,0.427641034,0.496089786,0.556265831,0.975633144,1.510429025,1.238539219,0.715641558
132,132,0.183755204,2.196138144,0.111351453,0.076981783,1.240081906,0.562988281,0.488598466,0.364013672,0.580274642,0.505882919,0.246867388,1.693934679,0.10657642,0.038435966,1.995671153
133,133,3.46207118,3.641662598,3.31528163,3.937409163,3.533610582,0.341796875,0.330136001,0.366455078,0.404442161,0.493646652,2.036417007,2.901589155,2.002782583,2.03683877,2.089102745
134,134,0.186914787,0.890946388,1.62576139,0.141143784,0.500825584,0.441162109,0.450968921,0.578125,0.501684368,0.495959371,0.149923638,0.780197859,0.956754863,0.086130738,0.408068925
135,135,3.513362169,2.940617323,0.762634397,3.059998035,2.394383669,0.276611328,0.267554611,0.639160156,0.350267887,0.496914715,0.856384575,1.361943007,0.416362286,1.289892077,1.843280077
136,136,1.820532203,2.294151068,1.624337435,1.225700736,1.234481692,0.326904297,0.27506119,0.423583984,0.338899672,0.501395345,0.44259569,1.305146813,1.435301304,0.687022209,0.522924066
137,137,0.545227647,2.849274397,0.365244329,1.015268564,1.001991987,0.384033203,0.444651753,0.498779297,0.508776426,0.499883145,0.407254696,2.445055008,0.188103452,0.883286774,0.561985195
138,138,1.419128299,1.553964853,5.356633663,0.05306055,1.337473869,0.501953125,0.474339575,0.551757813,0.581385195,0.502073646,2.612133503,3.00453949,2.391012192,0.052094571,2.744095564
139,139,1.174330115,0.900848091,0.61055541,1.117367029,1.236697674,0.470947266,0.442911416,0.451660156,0.549203038,0.496950507,0.377755761,0.637574375,0.448623598,0.805946648,0.87252301
140,140,2.802777529,3.746561527,1.770932555,2.747260332,2.808408737,0.553710938,0.479792029,0.360351563,0.547153473,0.493163258,2.724195957,3.293068886,2.017956018,1.818024397,2.626927853
141,141,1.88831985,0.749511123,1.014329553,0.958995759,0.984864712,0.396972656,0.43905738,0.419677734,0.382263273,0.502636254,1.075436473,0.366781563,0.337147266,0.938160896,0.986180305
142,142,6.104478836,8.675562859,9.278764725,4.837081909,3.105275869,0.328369141,0.303758502,0.414794922,0.34091723,0.504127443,3.399935007,1.484195709,0.931478679,2.962865114,3.876182556
143,143,3.388947248,2.375156164,1.789770126,1.954354525,1.675968528,0.305908203,0.25744012,0.400390625,0.346356213,0.502780974,0.967857838,1.171684861,1.042598486,0.323314846,0.516447544
144,144,0.831890106,1.987551928,0.787823141,1.230351448,0.443305016,0.405029297,0.37504372,0.523925781,0.526070952,0.498257637,0.523048341,1.572064757,0.532490969,0.966940463,0.178675011
145,145,3.08597374,4.116151333,4.650548458,3.97913599,2.918996096,0.585449219,0.576991141,0.618164063,0.63374424,0.496442378,1.308836818,2.017462015,1.256124973,2.185937643,1.743495941
146,146,1.165023327,5.945841312,0.412166029,0.602481782,0.046620082,0.268554688,0.270392388,0.512695313,0.31576556,0.497777432,1.5247823,1.601291418,0.642945111,0.473033369,0.029808139
147,147,0.470923752,0.90152514,0.722310424,0.341041535,0.318480909,0.53515625,0.462693214,0.298828125,0.582493663,0.506568789,0.932680368,1.333248973,0.322460294,0.312620968,0.329273701
148,148,1.535428643,0.725536346,1.49653995,1.260080576,1.735765696,0.318359375,0.352894992,0.419677734,0.547762692,0.501310766,0.262231708,0.37292093,1.15800035,0.813042402,1.543832302
149,149,1.665024638,2.093012094,2.720199347,0.729044557,1.979782939,0.329833984,0.338519216,0.488037109,0.372982681,0.501437426,0.745379388,1.208110571,1.599929929,0.932855785,2.163986683
150,150,0.346211284,3.145889997,2.913724184,0.51315552,2.209861994,0.326171875,0.268280506,0.516113281,0.318729758,0.500600517,0.51006043,3.266091824,1.659059286,1.007851839,3.570930243
151,151,2.611052275,3.956141233,3.359020948,4.094082832,3.145401478,0.567871094,0.589256346,0.607910156,0.527047932,0.505489945,1.212811351,1.333832979,0.990230143,2.310297728,0.86536032
152,152,1.167956591,3.703768492,1.992297173,2.212744236,1.933401108,0.384765625,0.409728289,0.502929688,0.317165971,0.50364536,1.109924793,1.755923748,1.198818564,2.899859905,2.148105383
153,153,0.42118153,1.016571045,0.711312234,3.327527285,1.48893702,0.438476563,0.480773091,0.523925781,0.332268715,0.508983374,0.239158124,0.718152225,0.434068531,1.137398124,1.174515843
154,154,0.607989013,0.947714984,0.977202415,0.474335343,0.323592991,0.361816406,0.351815015,0.641113281,0.26660645,0.505661011,0.459102809,1.110630512,0.973037481,0.599885404,0.257823288
155,155,1.595651031,3.700870514,1.464132667,3.756519318,1.252501845,0.361572266,0.285305172,0.328613281,0.366230845,0.501884997,1.257376313,1.628377676,0.954600513,1.957112789,1.20374465
156,156,1.196617842,1.833678484,2.395632505,1.582590938,1.741545558,0.454589844,0.523214698,0.518554688,0.473894805,0.509827971,1.007990241,2.241455317,0.178624332,1.432063937,1.622294188
157,157,1.011633992,0.440214604,0.516550243,0.800568283,0.960094631,0.4140625,0.403035015,0.352294922,0.458756894,0.505086005,0.764004409,0.419410765,0.448132128,0.865440965,0.971347988
158,158,1.165407062,0.797277093,0.480062872,0.922965646,1.332267523,0.231933594,0.257852137,0.416015625,0.355598003,0.507006466,0.849033535,0.565045297,0.398482651,0.447501719,2.42936492
159,159,5.784842968,4.909760952,3.912001133,3.681415319,3.858004808,0.250976563,0.348360598,0.527832031,0.367383957,0.5025298,0.854899406,1.687981367,0.760340631,1.815134287,1.353916526
160,160,1.628240228,1.902396798,3.023023844,3.019091845,4.259667873,0.396484375,0.431267411,0.587890625,0.31745857,0.492486089,0.401485324,0.656328022,2.686362028,2.062077761,2.557873726
161,161,0.333659381,0.820570767,0.271590084,0.252413422,0.335712552,0.312744141,0.317684174,0.497070313,0.423971325,0.502133369,0.232686847,1.115737915,0.089016043,0.171652839,0.332643837
162,162,3.620703936,4.72549963,2.21335721,3.034594297,2.134171247,0.295410156,0.273475021,0.457763672,0.290629625,0.497573018,1.847002864,0.973209381,3.845005751,1.884075522,1.29041326
163,163,0.793934226,0.834833741,0.971680462,1.06222856,0.705168188,0.553222656,0.497076362,0.532714844,0.48986429,0.504098415,0.089794137,0.249760285,0.273812562,0.497773826,0.065916561
164,164,1.981789827,1.259750724,1.55947566,1.143765092,2.035401106,0.432617188,0.45713535,0.51171875,0.388453782,0.499601245,0.948374093,0.327565193,0.414464623,0.354477316,1.091854453
165,165,0.440396786,2.604058504,5.091009617,4.475515842,1.26711452,0.398681641,0.456891656,0.515625,0.363654315,0.498302996,0.825078309,3.46282959,2.730348349,0.904296398,2.360682964
166,166,3.493419409,2.799109697,2.638745546,1.964700341,2.079576969,0.290771484,0.263897389,0.498779297,0.356411368,0.50152725,1.713894606,1.67657721,1.519124389,1.490829349,1.241720676
167,167,2.813859463,3.622586012,5.327446938,3.751268387,4.072132587,0.526367188,0.515242815,0.453857422,0.452359617,0.509468317,1.451112866,1.113832116,3.251393318,0.970062494,1.237889767
168,168,0.792232573,1.074674606,1.35005343,1.363565087,0.781562746,0.595214844,0.579062402,0.525878906,0.508759081,0.505073011,0.571833491,0.709668219,0.739241779,1.464319944,0.620191693
169,169,0.835009515,0.773088872,0.784451663,3.311870575,2.101124048,0.469726563,0.445425659,0.407958984,0.387774169,0.500043452,0.552167296,0.454747379,0.405315965,2.184673548,1.310593128
170,170,1.172223091,1.631278634,0.24009566,1.001020312,2.265458822,0.455322266,0.422556281,0.515625,0.465726882,0.492941052,2.184809685,1.854798436,0.091884755,1.25077796,2.285938501
171,171,2.943543434,3.825086355,3.063446522,2.605538607,1.946897507,0.334472656,0.333728671,0.623046875,0.326839209,0.496774435,0.297343373,0.999135733,1.28734076,1.291596889,0.882387996
172,172,1.627156496,1.959986687,0.94960326,0.626225471,1.464784503,0.364013672,0.425427437,0.496826172,0.438205093,0.491442472,2.097147942,1.077595115,0.826709986,0.354370534,0.834098279
173,173,2.715983152,2.894859791,3.300156832,2.045253277,2.676036119,0.430419922,0.34051457,0.693359375,0.432640612,0.504727483,0.827215135,1.127799749,1.518122077,0.644259274,1.028909206
174,174,2.551605225,4.693283081,3.966655016,4.364806652,2.346491337,0.561035156,0.489383936,0.355957031,0.508057356,0.493797541,2.267714024,1.883089662,1.288514376,3.181346893,1.795836449
175,175,2.132107973,2.29780364,3.245717764,3.159038305,2.79829073,0.373046875,0.335600257,0.600097656,0.403081656,0.502251863,0.935469151,0.928160131,0.18395862,1.274292588,0.832042813
176,176,2.440346479,2.36248374,1.47420752,2.446775198,2.356094122,0.382324219,0.473562092,0.422119141,0.329079092,0.497581273,1.112861514,1.282660723,0.495272458,1.711007476,1.201682568
177,177,0.241603956,0.316470951,2.676211119,0.170288324,1.682400942,0.421630859,0.412686646,0.73828125,0.413780034,0.499651551,0.341209978,0.095415063,1.46287477,0.004260196,1.003839731
178,178,1.121679544,0.817056477,1.235026956,2.256284475,1.504413962,0.458740234,0.437717587,0.499511719,0.376087874,0.508244812,0.655216753,0.528358042,0.309766144,1.755690217,1.796164632
179,179,4.010409832,3.321058273,0.655316949,3.974091291,4.575103283,0.301513672,0.292405188,0.538574219,0.310841799,0.499396086,1.75156343,2.046103716,0.557911813,1.767707467,2.418278694
180,180,1.558685303,2.451357603,2.469524145,1.784559488,2.02155447,0.239257813,0.191782519,0.570800781,0.364419103,0.497512549,0.143633395,1.705651283,0.854959726,1.035087347,0.786058724
181,181,0.044384178,4.737699032,8.276609421,3.61755991,3.051390409,0.321044922,0.385612249,0.622558594,0.322000504,0.49620223,0.092650414,3.491980553,1.430724502,2.687133312,3.214152575
182,182,1.770629764,2.77747798,1.699486375,2.320502996,2.235533714,0.333984375,0.306088984,0.452148438,0.38036859,0.491858959,0.75736618,0.851366401,0.63188231,0.661600351,2.221021414
183,183,2.356673479,1.394972205,1.159536719,2.653394461,0.949406564,0.356933594,0.355117112,0.392089844,0.300699145,0.493293822,1.930268764,0.412203223,0.144312233,1.547751784,0.393881232
184,184,2.091032028,2.855254412,0.867185056,1.273336172,1.616577744,0.353759766,0.277876496,0.364990234,0.352954626,0.499347627,0.917154372,0.42256397,0.355704755,0.74621278,0.34156543
185,185,2.448753834,3.995253801,2.235403538,2.430082798,3.162456274,0.453613281,0.366642535,0.353759766,0.418989807,0.496038079,1.075317144,2.54603982,0.799834073,1.319625139,1.115915775
186,186,1.014277816,0.478139013,0.293976068,0.932103634,1.955423355,0.730957031,0.617874146,0.317382813,0.726445258,0.49799335,0.791594088,0.339035511,0.183696359,0.70765543,1.980968595
187,187,1.669916987,0.697345078,3.057096004,1.328482509,0.823291719,0.436035156,0.359566689,0.46484375,0.438673675,0.493692219,1.843999624,0.413587004,3.290853977,0.54144311,0.604071081
188,188,0.725647867,0.393618435,0.510197103,0.266439497,0.939376533,0.376220703,0.400991023,0.522949219,0.599749088,0.50253582,1.057754397,0.256400019,0.441942424,0.177594766,0.938664734
189,189,2.198628902,1.288808465,0.21128428,0.040295225,0.026027551,0.369140625,0.381440997,0.589355469,0.388963401,0.498248577,3.037161112,2.738295317,0.280098379,0.043058142,0.021400815
190,190,1.399835587,1.676528215,2.310097694,1.32832396,1.326840401,0.446777344,0.43754825,0.453125,0.378529489,0.502550721,0.616471529,0.798499525,1.944984555,0.563385189,0.614325404
191,191,0.508836865,0.457436234,0.261024475,0.431399584,0.510077953,0.475341797,0.42669192,0.317138672,0.554932892,0.49872303,0.189816251,0.489001215,0.337887943,0.37368378,0.574837267
192,192,1.214381695,4.741158485,1.776500344,1.114391446,0.781146944,0.506347656,0.42124626,0.676757813,0.518725514,0.504929245,2.137992859,0.880642116,2.346526384,1.307476282,1.488663793
193,193,2.072334051,1.572105765,1.266820312,1.141807795,2.178090811,0.572265625,0.437277019,0.423339844,0.48190847,0.501864016,1.879416227,1.359649301,0.602561474,1.314419985,1.163359404
194,194,1.39936626,4.110710144,1.523150444,1.506844521,2.907666206,0.485351563,0.45783481,0.362304688,0.511161208,0.504961431,2.713833809,1.730424643,2.83108592,2.550460577,2.191548109
195,195,1.728764772,2.295507669,2.153759956,1.788211823,2.361871719,0.5859375,0.679969549,0.501953125,0.54620719,0.493797511,0.327971578,0.436987996,1.377053499,0.462797254,1.23323679
196,196,1.764268279,3.566677094,2.871540308,1.569231272,2.011114597,0.399902344,0.351276875,0.594238281,0.364240825,0.501823187,2.054298162,3.279281855,1.847545981,1.038221836,1.949722648
197,197,2.442490578,1.88397336,3.067655802,1.870979667,1.828763247,0.536132813,0.502210319,0.499755859,0.549579382,0.498269856,2.159268141,2.403207779,1.655456424,2.304434538,2.43928957
198,198,0.128571153,1.830722213,3.129301548,0.49642235,0.962769985,0.443359375,0.361206502,0.427001953,0.418848366,0.500452518,0.172458023,1.834748387,3.031008005,0.661524057,1.548471808
199,199,1.96080327,0.154503107,5.473425388,0.067678377,0.301541179,0.400146484,0.4036116,0.496582031,0.444267869,0.499416351,4.070018768,0.100706451,4.920979023,0.03475355,0.517468035
200,200,1.264849067,1.917459488,1.574148536,2.025715351,3.206919909,0.470703125,0.440250099,0.3515625,0.527593374,0.504886687,1.224861503,2.408124924,1.176509857,2.975470543,2.34145546
201,201,0.573113859,0.377711266,0.287339211,0.339428812,0.197566435,0.616699219,0.666361332,0.458251953,0.561418712,0.497691125,0.249674588,0.338650614,0.130211338,0.337716281,0.144896373
202,202,4.41463232,3.202385664,5.884068966,1.454707503,0.270955056,0.356689453,0.32193175,0.430664063,0.272069782,0.496810645,3.381538391,2.700012445,2.016103983,2.7487607,0.268022925
203,203,1.502280593,1.104804635,0.77636224,0.611893594,0.547612846,0.51171875,0.455404043,0.29296875,0.38382566,0.496345043,1.345585465,1.195156813,0.468390942,0.312956244,0.55907017
204,204,2.339160204,4.172138214,0.642996669,2.126877069,5.365609169,0.288818359,0.348785818,0.510742188,0.297920823,0.504340112,1.524896622,2.029280424,0.902674735,1.516782761,0.958277285
205,205,1.019278049,1.324248195,1.117586017,1.092474461,1.635590792,0.361328125,0.413410395,0.462158203,0.405309737,0.501116335,1.1890347,0.568235219,0.41480732,0.333403677,1.042061329
206,206,1.526349425,4.209895611,3.008266687,0.091114201,1.094242334,0.453857422,0.448991627,0.571777344,0.410229713,0.506463885,1.639201283,3.406413317,2.787317753,0.116463177,1.189965725
207,207,1.264896274,2.373212814,1.509907603,2.004067898,3.340771437,0.293457031,0.308166206,0.496337891,0.345275342,0.503465474,1.383302927,2.128020048,1.236666322,2.130941868,3.217915058
208,208,2.44047308,3.450864553,1.549751878,3.737089872,2.645500898,0.344726563,0.332364827,0.593261719,0.368160963,0.499838501,1.017562985,0.856649101,1.52747643,2.247660637,1.048835278
209,209,2.32440114,2.330568075,4.273480892,2.128759146,2.078951359,0.389892578,0.328710049,0.540039063,0.3508313,0.503629625,0.986690044,1.146555066,2.578030348,0.788347483,0.606566012
210,210,0.719290912,2.409847498,0.879365265,1.335921884,0.500507474,0.299072266,0.300984204,0.440673828,0.326338828,0.50106144,0.639458954,0.515593886,1.388648391,1.120451689,0.275591016
211,211,1.151085734,1.355467439,3.737789631,2.848479986,2.711605787,0.594726563,0.465565026,0.611816406,0.419551253,0.503077745,1.399912119,1.02688539,1.490990281,2.045917034,0.738963604
212,212,2.433918476,1.839399576,3.779073477,1.883988261,1.684247017,0.319091797,0.306938559,0.704101563,0.339079499,0.508906305,1.952048779,1.219503403,1.546445489,1.137135506,1.289482594
213,213,0.491062164,0.946764648,0.676922619,0.919079423,2.792310238,0.455078125,0.460244924,0.515625,0.398669809,0.504037917,0.403311402,1.251936316,0.767851949,1.388424397,1.609803796
214,214,2.175124168,1.591920137,3.229968309,1.518460512,1.683602929,0.564453125,0.511732042,0.582519531,0.509482682,0.501386702,1.455960989,0.384940773,1.319776297,0.549049795,0.947303116
215,215,2.917690992,4.800802231,3.069916487,3.218519926,3.167868376,0.301269531,0.210052595,0.665039063,0.292411208,0.505359054,1.878395796,1.181281447,1.884748697,2.098787308,1.738850474
216,216,6.104407787,5.229930401,3.476457357,4.991832733,3.244691849,0.26171875,0.232369393,0.739746094,0.317655087,0.497544229,1.663885951,1.007466316,1.057549477,0.288194537,1.521905899
217,217,0.436094612,0.715652823,1.775653839,0.949729621,1.506846666,0.420410156,0.319752723,0.681640625,0.386496425,0.492930502,0.198945895,0.460086644,0.464351445,0.587982655,1.177365541
218,218,0.478448212,0.201560497,0.808718204,0.225219443,0.383287847,0.541015625,0.501808167,0.462646484,0.529402316,0.500751138,0.583238959,0.096664935,1.17190969,0.234425768,0.35556969
219,219,0.203150511,0.20211862,2.755847216,0.368253201,1.181675315,0.281494141,0.314219534,0.716308594,0.391983688,0.504523933,0.211880937,0.217911392,1.701845407,0.634961545,1.858084917
220,220,1.224184632,0.329483449,2.486326694,0.326781601,1.513816118,0.234863281,0.280851632,0.487548828,0.347972274,0.502282321,1.719170451,0.417764813,1.580792904,0.311683327,1.221803904
221,221,7.431557655,7.880420208,6.332511425,5.826839447,5.89390707,0.385009766,0.328201532,0.526855469,0.403802484,0.507277548,0.172226861,0.720291436,3.724624634,3.738042355,3.30577445
222,222,1.871768355,2.328420401,4.913669586,1.978148818,3.824584723,0.48828125,0.487306982,0.498291016,0.456264853,0.509041429,2.019098997,0.963505089,1.697674751,3.859868288,2.638281822
223,223,0.613781691,0.857827008,3.634137869,1.423650146,2.049860239,0.416992188,0.389641076,0.273681641,0.451474577,0.498189777,0.893770993,1.717387199,2.627931356,1.930973768,2.443185091
224,224,3.12351656,3.233730316,1.392304301,1.395133853,2.510279655,0.374511719,0.338408321,0.421630859,0.404497713,0.50604856,0.813774228,0.910518408,0.377405763,0.463958025,0.500018597
225,225,1.83075583,3.346544266,0.188784808,2.927109241,0.536289155,0.614257813,0.487648666,0.426025391,0.528578937,0.490929127,2.882907391,3.380951405,0.182631746,2.226229906,0.515012562
226,226,1.651246309,3.062556028,2.276046991,2.245559692,2.456545591,0.488037109,0.499265015,0.462890625,0.498170972,0.494531304,0.357655674,1.096831083,1.01931262,1.683174968,0.969421327
227,227,4.130263805,3.422046661,4.657365322,1.998168945,2.379491091,0.296386719,0.300897866,0.535644531,0.282795101,0.50055331,1.987265706,2.127622843,3.146103621,2.077095032,1.604447842
228,228,4.866614819,0.10058254,4.131093502,3.978205919,2.607402086,0.540527344,0.515014887,0.461669922,0.40325439,0.509698391,4.436469078,0.20555155,3.991569996,3.369009256,3.469200611
229,229,3.796895742,4.82475853,2.592340946,3.966379166,1.376264811,0.513671875,0.437269449,0.493652344,0.533712149,0.501211941,2.036266804,2.457202435,2.902173281,1.936027884,1.860827684
230,230,4.109506607,5.61148119,4.855620384,2.97561121,4.356555939,0.239868164,0.206661716,0.484863281,0.263503402,0.496216476,1.605277658,1.840150952,1.618813872,3.282338858,2.240612268
231,231,0.623298347,0.38633132,0.452705771,0.491736025,0.526504815,0.431396484,0.440909863,0.541015625,0.496065259,0.49549368,0.333571374,0.174281329,0.089964733,0.332302302,0.245945022
232,232,0.210309178,0.430437326,0.258920461,0.304322302,0.426275879,0.438232422,0.379670411,0.291259766,0.428232253,0.496314615,0.249592409,0.448101074,0.185070798,0.253195047,0.335792303
233,233,0.457661927,2.756596804,3.665724277,0.310651183,0.805758119,0.552734375,0.570136666,0.49609375,0.455689847,0.504262328,0.944779873,2.047326088,3.192562103,0.386078954,1.475161433
234,234,0.009085779,0.275789261,0.682789743,0.27094081,0.043096315,0.478271484,0.396962166,0.425048828,0.431825012,0.497945845,0.008211045,0.517566144,1.398323059,0.472839028,0.068671837
235,235,2.121162176,7.093634129,6.98085022,2.244916201,7.756556988,0.558105469,0.421197861,0.470947266,0.584105551,0.503696144,2.185971498,0.847833037,4.101585865,2.145457268,3.462833643
236,236,1.673853278,1.840865731,0.287965685,0.701582015,2.395888805,0.318115234,0.269190937,0.536132813,0.323785126,0.49754265,0.731465101,2.245680571,0.179724127,0.980108559,1.410242438
237,237,4.66222477,4.758718014,5.090567112,5.212476254,4.108259201,0.340332031,0.341562659,0.685058594,0.347136945,0.502241135,0.658062041,1.603744626,1.675790071,1.456300497,2.348124981
238,238,4.362345695,4.191907406,2.756798983,4.196660042,2.941175461,0.325927734,0.404973716,0.413574219,0.396222204,0.500785708,2.169182062,1.322932363,2.083422661,2.088799715,2.800038576
239,239,4.558580875,3.560633421,2.11163187,1.340354323,0.752928555,0.295166016,0.270227283,0.505371094,0.280329853,0.495214969,3.097098589,2.872805834,2.176198959,1.728624463,0.433474332
240,240,0.490449876,0.57082206,3.88987422,0.438469738,1.394345164,0.273925781,0.294127017,0.72265625,0.38058573,0.508593559,0.027120544,0.319932669,1.377872944,0.08641132,2.494924068
241,241,0.586798191,1.006853938,0.692916811,0.593441606,0.392816305,0.498535156,0.47064805,0.342285156,0.485153735,0.505157769,0.670694411,0.967127502,1.376037955,0.465387195,0.289809227
242,242,0.050367158,0.038805377,0.13934353,0.614688635,0.024572928,0.598144531,0.557355106,0.625976563,0.546648324,0.506478906,0.049864504,0.0308669,0.219275951,1.358059645,0.026909927
243,243,3.019556999,3.343128681,1.58400476,2.545566559,3.231660604,0.628417969,0.557121933,0.588867188,0.581489921,0.49480918,1.645356417,1.240456223,0.775391281,1.21953249,1.361263514
244,244,1.464664102,0.59534359,0.729564011,2.070465565,1.990335464,0.151611328,0.20964475,0.6640625,0.322741479,0.496323019,1.252377272,0.113588355,0.415486455,2.002813578,1.300652266
245,245,1.816179156,3.354067326,2.670015812,1.991357446,1.448999763,0.267578125,0.21255891,0.443847656,0.403039128,0.500407875,1.184682488,2.939507246,2.555243969,1.31976366,1.70533371
246,246,2.360379934,2.889839888,0.954026818,1.16959846,1.157417178,0.341552734,0.311567545,0.434570313,0.440176517,0.499679506,0.882693946,1.674368978,0.436522335,0.302500427,0.252236366
247,247,1.766418815,4.762462139,4.343512058,5.042537212,3.416047812,0.547363281,0.571079254,0.573730469,0.503850996,0.492448419,1.785360217,3.166013718,1.548608422,4.330982685,3.093951702
248,248,0.367708176,1.765481591,2.085972071,0.050268959,1.290032506,0.321289063,0.331060052,0.484130859,0.351761132,0.501683831,0.441632837,3.50250864,2.384972334,0.064606495,2.392817497
249,249,0.877299726,3.488784075,1.309185266,1.16900444,1.333487153,0.313476563,0.267205983,0.448242188,0.327221274,0.488857418,0.349638462,2.573714495,0.615815163,0.48935166,0.639548957
250,250,1.107589602,1.617058396,1.242026687,0.475277334,0.509392858,0.433105469,0.429666609,0.504394531,0.569509923,0.503337264,1.116653204,1.303486586,0.57735461,0.355427414,0.441779017
251,251,1.811637759,3.424414873,1.827370286,4.135653973,3.026438951,0.560546875,0.470083833,0.44140625,0.444526047,0.503307402,0.858427227,1.827883601,0.799180686,1.325089693,1.422137499
252,252,1.69837594,3.143068075,1.405909896,1.202585697,1.621235847,0.319824219,0.470986813,0.480957031,0.579286814,0.499178201,0.908680379,3.229130745,0.53492707,0.590534329,1.023859859
253,253,0.428153962,0.750263512,0.200374946,0.193303302,0.281196356,0.536621094,0.477003366,0.480957031,0.534931362,0.494568855,0.361478209,0.754325449,0.072808564,0.07824257,0.083820336
254,254,2.455446243,2.293835878,0.604957759,0.424148083,2.286645889,0.329345703,0.335986406,0.554199219,0.390370399,0.497846484,2.051115274,1.299909949,0.627492785,0.598860204,1.634307742
255,255,1.32998848,2.08216095,1.300880432,1.494835615,2.303500175,0.446044922,0.380486369,0.619140625,0.525435507,0.505531609,0.497382969,1.248552203,0.791115999,0.632132053,0.859457493
256,256,0.419692576,1.000626206,1.682313323,2.613711119,0.626914918,0.4453125,0.478633255,0.397949219,0.49220258,0.493923873,0.058507405,1.511182904,2.214901686,2.413415432,0.418727905
257,257,0.245125726,0.382996529,0.229304895,0.250386417,0.305725157,0.498291016,0.487753391,0.513671875,0.433084846,0.49782607,0.128898665,0.2855272,0.093456335,0.123237431,0.159517646
258,258,3.053771734,4.560985565,2.816233158,4.130749702,3.161304474,0.163452148,0.147189826,0.696289063,0.195817709,0.495042026,0.84624368,1.045001268,0.396648914,1.959973216,1.514354706
259,259,2.068835735,2.342210054,3.548521042,2.316808701,2.57761097,0.461181641,0.428183675,0.608886719,0.427824497,0.498176932,0.800809085,1.84810102,2.389181852,1.857476592,1.22936213
260,260,0.929649949,0.776921034,0.940429509,0.901278675,0.78441143,0.454101563,0.419539899,0.459472656,0.527600884,0.506531,0.604555905,0.67295891,0.237985954,0.353535831,0.740745187
261,261,1.817052484,1.511692405,1.373821616,1.796250224,1.084160447,0.426757813,0.42431879,0.587890625,0.464082241,0.503068864,0.947021127,0.105723023,1.226118445,0.591085851,0.258872151
262,262,1.867267609,3.100517035,3.613494158,3.530591726,2.197502851,0.457275391,0.456971526,0.641601563,0.402817935,0.49671489,1.928473234,1.223864317,0.391958952,2.144054413,2.539207935
263,263,0.988894463,1.799836755,1.430132985,0.973592758,2.704442739,0.530761719,0.406913757,0.525390625,0.681655347,0.504840195,0.991495728,1.387175679,2.371189833,0.765659809,2.143395901
264,264,0.872892201,2.830581188,6.34924984,0.003307839,0.228541046,0.386474609,0.321024537,0.706054688,0.376525462,0.502217531,1.944992542,3.577934742,0.334455937,0.002983293,0.360445172
265,265,4.323838711,3.919764042,6.572818279,5.106460571,3.566921949,0.349121094,0.398112595,0.493652344,0.387195677,0.50629884,1.214023113,0.594148397,1.667365313,2.214344263,1.618069768
266,266,5.124259949,7.04763031,0.059601355,3.159107924,0.146893248,0.272460938,0.240831003,0.347900391,0.319892496,0.501203716,4.337603092,1.535545826,0.032608964,2.038114786,0.149927646
267,267,1.648449779,2.982920408,3.444057465,0.525315464,3.541119099,0.382568359,0.498814434,0.620117188,0.57737267,0.501918852,1.690538168,1.979409933,3.204931498,0.135111377,2.015589952
268,268,2.646437407,2.424535751,2.220328093,4.040598869,2.475180387,0.268554688,0.299836218,0.433349609,0.376037568,0.498948663,1.583961368,1.459912181,1.554392457,1.885555148,1.168519855
269,269,1.407783508,1.590477228,1.21097219,1.239301682,1.204388618,0.514648438,0.507715464,0.598144531,0.471001804,0.501459777,0.662740529,0.706459641,1.202036738,0.57633996,1.450877309
270,270,1.929540992,2.122014999,2.127190828,2.151444674,2.096456766,0.481445313,0.464501262,0.709960938,0.416261941,0.491358578,0.440687507,0.924111664,0.359046727,1.300284147,0.30138877
271,271,4.211720467,5.088979244,1.522216082,4.107738018,5.550276756,0.372558594,0.330367893,0.469482422,0.357111394,0.491841078,1.835339665,0.662214935,1.974532843,1.51840508,3.09172821
272,272,0.083204642,2.134479523,1.686264038,1.10086906,1.972197771,0.508300781,0.474041253,0.540527344,0.388500065,0.499186128,0.087260142,2.842640162,2.353526354,2.382558107,3.50152874
273,273,1.462437272,1.329562545,1.722769141,1.470110178,1.707919002,0.523925781,0.455036998,0.551757813,0.464379787,0.507214248,0.8149243,0.890198708,1.8937186,0.918682456,0.691400588
274,274,0.455299348,0.509338796,1.532687783,0.313726574,0.71583885,0.385742188,0.38448891,0.534667969,0.461073548,0.50702852,0.228691459,0.26679042,1.518457413,0.197186083,0.545395374
275,275,0.688120842,2.256271839,0.911761463,0.680502117,1.788035274,0.548828125,0.455916852,0.348144531,0.573742867,0.490910679,0.253384918,1.770158648,0.586641729,0.794941723,2.088596582
276,276,2.263308048,1.217360377,1.394711375,2.014721394,1.443016887,0.406982422,0.394382715,0.479736328,0.45822981,0.497484148,0.980260968,0.923325777,0.592272282,1.111010432,0.803070247
277,277,3.417770863,2.981836081,3.387963533,2.692666769,2.297508001,0.355712891,0.308003306,0.65625,0.364263028,0.505374849,0.897545516,1.168758988,1.590269089,0.480105877,0.845686853
278,278,0.4247922,0.665385902,0.690154016,0.331267446,0.302005768,0.446533203,0.468220115,0.580566406,0.433342099,0.492747128,0.178426087,0.2863774,0.81733495,0.157347232,0.114189468
279,279,0.136130974,1.294425726,2.60371089,1.24786067,0.078257851,0.453613281,0.409768343,0.568359375,0.461274058,0.508182526,0.194697499,2.774443388,2.841976643,1.97132504,0.096441768
280,280,1.628094912,3.303823233,3.371862173,1.055435181,1.546104908,0.464599609,0.458333731,0.622070313,0.475077182,0.492000759,0.782624006,2.269293785,1.812018633,0.58508563,1.203534722
281,281,2.380748749,1.125908136,1.086762667,1.670678735,2.028573751,0.374023438,0.327108085,0.568359375,0.467223674,0.505394876,2.588284016,0.53227514,0.523814559,0.802080631,1.599921465
282,282,2.553851604,2.854401827,1.759729028,2.509932041,1.897196651,0.24597168,0.226693764,0.533203125,0.276611149,0.496311665,1.221748233,1.732337594,1.472577453,0.47902441,0.74101311
283,283,0.698859572,0.736676335,2.00632906,0.649342835,1.518264174,0.333740234,0.336513937,0.442626953,0.401339293,0.49893108,1.257459521,0.854810059,1.631814003,0.723315537,2.850822926
284,284,3.646643877,4.46016264,7.519337654,2.838629246,3.735075474,0.651855469,0.598953545,0.324707031,0.540306032,0.498532325,1.306408286,1.195950747,2.320339441,1.203742027,0.253026098
285,285,0.13230823,2.254879475,2.614040613,0.069475882,3.646517277,0.489990234,0.419308424,0.546875,0.573780656,0.499119818,0.256996334,5.018870831,2.266953945,0.139431909,2.407568932
286,286,1.981750369,1.974698305,2.012556791,0.878266454,0.814450443,0.371337891,0.352873951,0.497314453,0.452869564,0.50369662,1.703623891,1.421298027,1.466656566,0.35569635,0.388157636
287,287,1.137967348,0.587283432,0.586921871,0.763371527,0.683407605,0.6015625,0.507647574,0.509765625,0.663642645,0.503171623,0.828329623,0.286949933,0.150106013,0.252125174,0.248773292
288,288,0.987253785,0.211865574,0.675624967,1.010810852,0.174638152,0.671875,0.661089301,0.4921875,0.544415176,0.493584692,1.239854455,0.088371255,0.739770949,1.640117645,0.135898992
289,289,1.589113355,1.323375583,1.582680106,1.480089068,1.686014056,0.592285156,0.57165736,0.495361328,0.507909298,0.503232896,0.435769975,0.643989086,0.443574071,0.534831703,0.772301614
290,290,0.504146755,1.002153039,1.133085608,0.477196515,0.574744999,0.587402344,0.501673698,0.630859375,0.653713644,0.502565026,0.063911557,0.785402358,1.222289205,0.188819379,0.117492072
291,291,3.208513975,3.193795919,3.264596701,3.429087877,4.902400494,0.462402344,0.467035234,0.457275391,0.492463768,0.500306308,1.009207129,0.824563086,0.955508053,1.310047984,1.317198396
292,292,0.904351056,1.946266174,1.161200762,0.902419686,1.087692142,0.498779297,0.399128199,0.623046875,0.430462748,0.485972375,0.12353649,1.472746015,0.504297316,0.270630002,0.616928577
293,293,2.609010458,2.549039364,3.388448477,3.020151615,2.166721106,0.540527344,0.428372681,0.270996094,0.544003904,0.507461488,1.848992944,0.642876923,1.52144742,2.084681273,0.81046772
294,294,1.907061815,2.918438673,1.157880187,1.685519099,1.310402632,0.316894531,0.313458383,0.445556641,0.319342643,0.495584667,0.634202719,1.518508077,0.862276852,1.081370115,1.005103588
295,295,1.398284554,2.921133041,2.282640696,1.933927178,1.136265755,0.481933594,0.487148374,0.534179688,0.491927713,0.507007062,0.868100941,1.305281162,1.315908194,0.49267292,0.52633673
296,296,0.844185531,0.770252645,0.807110727,0.794774711,1.127951503,0.476074219,0.458595276,0.472167969,0.580574811,0.498209089,0.413395762,0.21542795,0.153527424,0.422181398,0.66205585
297,297,3.169802904,1.760214448,0.419229835,1.188520074,1.981340051,0.344238281,0.35748595,0.567382813,0.428875268,0.500244737,1.510890245,1.259078145,0.120685153,1.183802485,2.079269648
298,298,5.755453587,3.91279006,6.649796963,4.453076363,4.75380373,0.428222656,0.499346673,0.393066406,0.385634094,0.486868292,3.493663073,3.905544043,1.452653408,3.77854991,4.222020149
299,299,3.387501478,3.361108541,0.863328397,3.07398963,0.257363945,0.565429688,0.600484788,0.467773438,0.475762516,0.494387746,2.75414753,2.551957846,0.91881758,2.248242378,0.270271391
300,300,1.418418288,0.64531213,0.342706203,0.503396988,0.136251733,0.267578125,0.401385158,0.526367188,0.384029865,0.486886501,1.339340687,0.741568923,0.426562399,0.777384758,0.126106873
301,301,0.61842078,0.447078437,0.32465449,0.22429052,0.772217214,0.518554688,0.40523994,0.412841797,0.489169657,0.500677884,1.034973741,0.683908582,0.356139511,0.100371063,0.799647033
302,302,2.466707945,2.439088106,3.61555481,1.751531601,1.938053966,0.5078125,0.600189626,0.543457031,0.527973235,0.503486931,0.963221371,0.71442318,3.412976742,0.729551435,0.57780081
303,303,1.710221171,2.796240091,2.670955181,2.637079954,3.126688004,0.330322266,0.284593135,0.668457031,0.337209851,0.501729906,1.23009479,1.38035357,1.743043303,0.337714881,1.170893908
304,304,1.145323992,1.894665599,1.534106493,1.628234148,1.437761664,0.485839844,0.479593515,0.495605469,0.416691124,0.506734133,0.785808384,0.114607237,0.547715783,0.607479095,0.61132133
305,305,0.42153421,0.443900824,2.286502838,0.806510866,0.766573429,0.273193359,0.366581053,0.486328125,0.302546203,0.502752244,0.343450487,0.256774008,1.204300642,0.647561967,0.988074124
306,306,0.384509385,6.594082832,6.743556499,0.085187055,0.87871933,0.444824219,0.345631331,0.559570313,0.387530804,0.492788821,0.346231759,3.40806818,3.020756721,0.087657101,1.813356042
307,307,2.878654242,3.635612488,2.824399471,2.279137135,3.563727617,0.326171875,0.330083519,0.504394531,0.404195875,0.497852504,1.815176845,1.743485808,1.395717502,0.37518391,0.775615096
308,308,0.577328265,1.396837831,1.17732811,0.715763986,1.683987856,0.545410156,0.466212362,0.379394531,0.4881365,0.495746821,0.647940218,0.918729544,0.186476424,0.58562243,2.011757851
309,309,0.595591009,1.733152032,2.370281935,2.404484272,2.976874113,0.606445313,0.5473966,0.4296875,0.657791972,0.509824157,0.230032757,1.095973492,2.267151594,2.741363049,4.39271307
310,310,1.217900038,2.453736305,0.874112308,0.162350327,0.443949223,0.461181641,0.356857836,0.453369141,0.473092437,0.498033553,2.092188358,2.287312746,1.247822881,0.142731503,0.326660693
311,311,0.834111631,1.263574719,0.571636021,0.644962609,1.900972247,0.443603516,0.429800421,0.476074219,0.56425941,0.496008843,0.383587092,0.725776196,0.303310424,0.175250545,2.406447887
312,312,3.840267897,3.50564003,1.547365308,3.356199026,1.564769149,0.271240234,0.312644303,0.44140625,0.302406758,0.497809023,1.573856235,1.576985359,0.452327847,2.483172894,1.524578094
313,313,5.951776028,6.32716608,2.637837648,5.118877888,1.898101091,0.458251953,0.388960421,0.350830078,0.418007016,0.494196504,3.239097834,1.177891612,2.163841009,4.197328568,2.193667173
314,314,0.4086968,0.628245533,0.458749264,0.958391786,0.550308704,0.317138672,0.282785863,0.604492188,0.31759432,0.49633339,0.329136491,0.335461617,0.321341664,0.533710122,0.40533337
315,315,4.717909813,4.346703053,4.806114197,6.243179798,5.387567043,0.421386719,0.406424165,0.481201172,0.450324357,0.505719125,2.532655478,0.798570752,0.826746941,2.247727633,1.12934351
316,316,0.299019009,0.44299373,0.194021061,0.260062456,0.413121611,0.494873047,0.482985735,0.493164063,0.580878377,0.502588928,0.03377657,0.298622966,0.068167083,0.077436835,0.351425707
317,317,0.102464139,0.033536006,0.096687697,0.218435794,0.396739513,0.288574219,0.357679278,0.543945313,0.491718799,0.49423632,0.096374102,0.01670086,0.108589731,0.404513419,0.550569355
318,318,1.697636604,1.908372164,1.438870788,2.193547249,1.663958788,0.456787109,0.419703782,0.51171875,0.440685064,0.506924272,1.166335702,2.295405388,1.237461209,1.852695107,1.813373446
319,319,1.298238754,2.913575411,2.34528923,0.747621179,1.862098694,0.26953125,0.363953859,0.523925781,0.474166691,0.499704838,1.579657316,2.102085829,1.675756335,0.662652254,2.25567174
320,320,2.455245733,1.933831811,2.062115192,2.818506956,2.739203691,0.55859375,0.413340092,0.418212891,0.550933957,0.499376953,1.816228628,0.609456718,0.838506639,1.715885758,1.97014606
321,321,0.03258827,1.145915389,3.101532698,0.156451672,2.013450384,0.357910156,0.330913872,0.505859375,0.382072896,0.495651037,0.032470562,0.960560977,2.612379551,0.194015026,2.175813913
322,322,3.947640657,3.837259769,3.316502094,2.487408876,2.613445997,0.54296875,0.476639032,0.481933594,0.474529535,0.491537094,0.978920996,0.459619731,0.704782784,0.828972101,1.201909423
323,323,1.976800561,2.452253103,0.866125047,1.124134898,1.161275864,0.499511719,0.47701323,0.458496094,0.467452705,0.486187547,2.321130753,3.091702223,0.265991956,0.421032459,0.349301189
324,324,1.731731653,1.527202249,1.134307504,0.637821615,0.946791828,0.449707031,0.364466459,0.513671875,0.506698787,0.507777989,0.493679404,1.339599848,0.449061364,0.149033695,0.347298145
325,325,1.945468545,1.642518044,1.801993966,1.561106682,1.429691315,0.308349609,0.28747955,0.803222656,0.331182718,0.498143852,0.751215994,0.137930676,0.961816847,0.954537749,1.16492486
326,326,1.919357657,2.098854065,1.279788852,2.016837358,1.985149026,0.304443359,0.322496474,0.711425781,0.405621409,0.502533317,0.759434164,0.500913501,0.513483167,0.888783038,0.972487509
327,327,1.044945598,0.74474138,1.238227844,1.148808718,1.256410003,0.599609375,0.528407753,0.440429688,0.64477843,0.501608849,0.627625525,0.255065054,0.770786583,0.435843915,1.530233979
328,328,2.749959946,2.556471586,0.810947418,2.616795778,2.296141148,0.348144531,0.379987925,0.505371094,0.341464937,0.498333991,2.021829128,1.128305793,0.848789513,0.592371047,1.575186014
329,329,2.235863686,2.291482687,1.910604835,1.450794578,2.739698648,0.341796875,0.30170241,0.562011719,0.318145007,0.495837748,0.719525516,1.172336221,1.490348101,1.096726179,2.403423786
330,330,0.872608662,1.82776773,0.549472034,1.928766847,0.977069676,0.426269531,0.413183063,0.5390625,0.487526894,0.504219055,0.736970067,1.610153317,0.376856685,1.582762122,1.320969105
331,331,2.127397299,2.524037123,3.386965275,2.684409142,1.825760722,0.541015625,0.42925176,0.652832031,0.58466959,0.49895677,1.64663136,0.909537911,0.425555795,0.723719418,0.493926436
332,332,2.047625303,2.4168396,2.868243456,2.402464628,2.11166501,0.394042969,0.390140116,0.471679688,0.406832069,0.496042877,0.637057066,1.27125597,0.777239323,0.320960492,2.038309097
333,333,1.253381252,1.706488848,1.219428897,1.366409659,2.097021103,0.439208984,0.461809367,0.424316406,0.434522897,0.502898276,0.472777992,1.014237523,0.359423846,0.258081108,1.037110925
334,334,0.530772388,0.772281647,0.658045352,1.153961658,1.924193025,0.395507813,0.402072072,0.408203125,0.490311593,0.498563647,0.159170419,0.327678442,0.356282383,0.889010191,1.095838189
335,335,1.0998348,1.382426381,0.729895413,2.391243458,0.307557076,0.537109375,0.437596709,0.425537109,0.605140567,0.510371327,0.396597177,0.868304014,0.925235093,0.594289005,0.233396456
336,336,4.402950764,3.41370368,2.557601929,4.331384182,3.62600708,0.291503906,0.253816992,0.451904297,0.25699532,0.504985631,2.597159863,1.594385862,1.323891759,1.49356854,1.222346187
337,337,1.688076377,1.479153872,0.875878513,1.915061593,2.910678864,0.453613281,0.411377132,0.343017578,0.418119371,0.509668231,1.530736923,1.048272491,0.425059348,1.726335645,2.032315254
338,338,3.33356452,1.397741199,0.518611252,0.429688543,1.656731606,0.322265625,0.315098077,0.229492188,0.459339768,0.498062789,2.077841043,1.028048992,0.595418155,0.444762439,0.57229054
339,339,1.823272109,0.497632712,0.551317632,1.065577745,2.150667906,0.353515625,0.32263276,0.322021484,0.353348911,0.500050068,1.464711547,0.616777778,0.35311529,1.209069371,3.11549592
340,340,0.779987276,0.593586922,0.75986439,1.258121729,0.961554348,0.396484375,0.412328094,0.538574219,0.437280238,0.502339125,0.331218809,0.214018553,0.396109015,1.237017035,0.349275082
341,341,1.179382443,1.896383286,1.01626873,1.317453742,1.156145692,0.406982422,0.381056905,0.455810547,0.371862292,0.497705638,1.569766879,1.683520794,1.481340885,1.359355807,2.094877481
342,342,0.792090535,1.505640268,0.815051973,0.749111176,3.093538046,0.311279297,0.262369782,0.457763672,0.423086733,0.495696187,0.166665807,1.873873472,0.44588986,0.256916016,3.392873764
343,343,1.402714133,0.931496739,0.57171756,2.360424042,0.623278916,0.336181641,0.364245683,0.391601563,0.305348247,0.502275705,0.803612053,0.088835493,0.407981366,0.829126477,0.31638968
344,344,1.056484222,1.401780367,0.847104669,1.999370575,0.998910844,0.328613281,0.316223353,0.521972656,0.335032403,0.499676704,0.482136995,1.428826213,0.599130213,0.896863163,0.820631266
345,345,1.07508409,0.879769325,0.616290689,1.312404513,0.828547955,0.33984375,0.318002731,0.35546875,0.342792779,0.499400616,0.546261966,0.236906439,0.448943406,0.628909528,0.185377926
346,346,0.81056273,3.33922267,5.387456417,1.232933402,1.148477197,0.413818359,0.408093214,0.787597656,0.469427109,0.497300714,1.263853431,2.171472311,0.718866885,1.389925599,1.314810395
347,347,5.67456913,7.284068584,6.381383419,5.875589848,6.211418152,0.372314453,0.382197499,0.490478516,0.335537374,0.502109528,4.095163822,1.490250111,0.148024455,2.615818501,0.594827533
348,348,0.39492318,1.916391373,1.62703979,1.463692188,1.247450113,0.378417969,0.372339398,0.546386719,0.397788376,0.502361,0.216798365,1.149661183,1.836456895,1.683988333,1.256314635
349,349,0.762684762,0.83674854,1.059847713,0.291330159,1.555736661,0.435546875,0.470833033,0.572265625,0.488279641,0.496102929,1.169718385,0.758488536,1.295565844,0.355433315,1.497868538
350,350,0.445944846,1.218448997,0.545048714,0.775242269,0.411830008,0.524902344,0.476167709,0.552246094,0.602606177,0.50143683,0.229144171,1.104026437,0.235186905,0.297143459,0.279664546
351,351,0.652594745,0.264001757,1.69629097,1.338531852,1.291010141,0.450439453,0.411143571,0.397216797,0.444807708,0.49554047,0.451776326,0.105325788,1.697798491,0.914262593,0.202346593
352,352,0.877131879,0.782856941,0.725612342,0.334148854,1.000276566,0.48046875,0.380457103,0.530761719,0.466691107,0.498792708,0.60718137,0.541572034,0.590257525,0.170378536,0.885568798
353,353,3.299538374,3.40731883,0.774973512,2.843584061,0.949619949,0.353759766,0.346217424,0.390869141,0.423875988,0.500716925,0.932511866,0.850011885,0.711833537,1.378794909,0.691121101
354,354,2.591464758,1.751449227,1.979052544,1.894641876,1.907395363,0.40625,0.40201813,0.447998047,0.372047454,0.496074289,2.071302414,1.174192071,1.091458321,0.526512563,0.994640887
355,355,2.06097436,1.619715929,2.989711523,2.62298584,2.456489801,0.274169922,0.264103442,0.663085938,0.261296242,0.49949792,1.243792534,0.26416117,1.063470721,1.251643062,2.086915493
356,356,1.222286701,0.777586579,0.957580209,1.642364502,1.177190661,0.474365234,0.503969193,0.581054688,0.573853135,0.495181888,1.48834753,0.487257063,0.912877977,1.128210068,1.342126131
357,357,2.106647253,1.884935737,3.126684904,1.616025329,1.421277046,0.508300781,0.461970627,0.612304688,0.399901122,0.507852674,0.854332924,0.6112203,0.241380483,0.924298882,0.516068101
358,358,2.004486084,2.031287193,1.730192184,1.675744414,1.502780795,0.428955078,0.441472501,0.569335938,0.424099058,0.505366683,0.115852416,0.321931899,0.505461395,0.755338371,0.448152632
359,359,3.379325867,3.031836271,5.628672123,2.46297574,6.039899349,0.464355469,0.425634056,0.623535156,0.440804631,0.494118124,2.007934332,1.89358592,0.850670278,2.512568235,3.624542952
360,360,0.405398458,2.16418767,1.66665554,0.22754693,1.748289943,0.500976563,0.443063796,0.402832031,0.541498959,0.498271823,0.163439602,1.239231348,1.379105091,0.097990043,1.268051505
361,361,0.915268123,3.807992697,0.870461464,0.8416031,0.585028172,0.443603516,0.445725501,0.368896484,0.534322083,0.496267974,0.464399666,1.922403812,0.312207788,0.347179592,0.101610169
362,362,1.741533875,2.993281126,2.658138752,2.376175642,1.627442002,0.324951172,0.278039396,0.520019531,0.241497904,0.50017333,0.796453774,1.404426575,0.835711181,1.199230433,0.708545208
363,363,2.514238119,5.302021027,1.657313228,3.739886045,4.773722172,0.487060547,0.478039265,0.535644531,0.43861869,0.489397973,1.557980776,0.7590397,1.586045265,1.733488202,1.625953913
364,364,1.274576068,3.60722971,2.472926378,0.900589287,1.589992881,0.603515625,0.592246115,0.673339844,0.474794656,0.487731278,1.111598849,4.184350967,1.655446172,0.919812799,2.131597519
365,365,1.960841537,2.248043299,3.651142836,1.890623093,2.618160725,0.375244141,0.334890902,0.630859375,0.291863441,0.502769828,1.020716667,1.25670135,1.244320035,0.838784814,1.857372522
366,366,3.70280385,3.01418376,5.062953472,3.978681564,3.143051863,0.302978516,0.474935442,0.557617188,0.430067867,0.496581703,2.036798239,2.154596806,1.341711879,2.544857502,2.316826582
367,367,1.071358085,2.186553717,1.355021834,1.230960846,2.705958128,0.390136719,0.387180328,0.544921875,0.452938735,0.50119406,0.497576147,1.194322944,0.974291861,0.546249032,2.812466621
368,368,1.153656006,2.996726751,4.12712431,1.27000308,1.838631868,0.476806641,0.513206899,0.476074219,0.423564821,0.505224168,0.318519056,1.041995764,2.948579788,0.897499502,1.004856467
369,369,0.245951161,0.899999559,0.927854717,0.961709917,0.758194029,0.421630859,0.437600613,0.503417969,0.375786543,0.499469578,0.076763824,1.374449492,1.203654289,1.321632504,0.450843215
370,370,2.784521103,2.851902962,4.962078094,3.3127563,4.748633385,0.585449219,0.468856245,0.371826172,0.498505473,0.502841949,1.215435028,1.483576298,1.97873795,1.701182246,0.643065095
371,371,2.433542728,2.166927338,1.092856765,4.393864155,1.934408426,0.341064453,0.321160734,0.508789063,0.292891085,0.498640478,2.089617252,1.977008462,1.274302006,1.683002472,2.666406155
372,372,0.596846223,0.200197682,1.139031529,0.752094626,0.622983575,0.551757813,0.551209331,0.487792969,0.541327298,0.505205691,0.45418328,0.074973591,1.992318511,0.732021689,0.474108666
373,373,3.2415483,3.786067247,3.484369755,4.122542381,3.344295979,0.502441406,0.474013984,0.5625,0.381246656,0.501851618,1.178017855,1.098088503,1.795782924,1.159930944,1.506675124
374,374,1.165579081,1.810700655,2.679511786,1.807950616,1.642292619,0.367431641,0.385268897,0.379882813,0.615021646,0.497360885,1.114279747,1.791384935,2.363231421,1.549426198,1.796830654
375,375,2.577361822,2.135660648,0.57395339,1.173713088,1.579625487,0.391601563,0.365801096,0.624023438,0.428833336,0.500303686,1.779466987,1.769734263,0.895528793,1.268823266,2.22394824
376,376,0.900521874,0.508715928,0.604636312,0.651715755,0.413744897,0.476074219,0.437835395,0.476806641,0.397799373,0.492276371,0.775283754,0.129979268,0.383083582,0.26800099,0.098635651
377,377,2.286273956,0.998203456,0.303489983,1.911151528,1.761344314,0.497558594,0.491873443,0.659179688,0.509538591,0.503705919,0.208068684,0.964168429,0.095209017,0.847367883,0.904147863
378,378,0.081668451,0.618995547,0.050310124,0.078134559,0.42761746,0.490722656,0.41744563,0.535644531,0.532041311,0.500304282,0.129276231,1.230954051,0.038053911,0.049127996,0.666186512
379,379,0.581889272,0.042368878,1.311364889,0.022142779,0.528645694,0.491455078,0.479600489,0.408935547,0.499946296,0.496086836,1.077446461,0.093325019,1.892188668,0.048103597,0.711491942
380,380,0.811689854,0.902018964,0.516414583,0.489626408,0.681896746,0.494873047,0.488759667,0.531738281,0.539333761,0.503867269,0.672832727,0.88840121,0.765138626,0.14049837,0.200934798
381,381,5.32719183,5.876554966,5.959661007,6.558176517,2.830874205,0.352539063,0.360435635,0.423583984,0.292091072,0.502315223,0.68208617,0.79876709,0.914136291,0.762444675,1.002516747
382,382,2.08259654,1.5231359,1.127750039,2.303988218,3.198881626,0.389404297,0.335880846,0.408691406,0.397356212,0.497679561,0.947167993,1.27146852,0.591685355,1.911718726,2.344025373
383,383,3.067662001,0.843574941,0.859254062,1.192660928,1.51556468,0.555664063,0.480560571,0.354003906,0.535971522,0.498908103,2.386723757,0.4545663,1.041471362,1.131179571,0.714277029
384,384,2.797612429,2.858562469,1.973830462,2.305556059,1.912210703,0.446533203,0.482267141,0.693847656,0.354797125,0.508349061,1.521034122,0.933419347,1.301701903,1.556678653,0.504849136
385,385,0.665318727,1.228515029,0.92062968,0.481576115,0.85599941,0.347900391,0.343970299,0.46484375,0.368248492,0.496808916,0.29355064,1.033958077,0.737143338,0.499025792,0.405130833
386,386,2.335183859,2.548855066,2.477703571,2.346864462,2.039073944,0.416748047,0.366389066,0.392822266,0.455834568,0.494667113,0.581542969,1.048165441,0.507368803,1.792757154,1.385586977
387,387,1.898212433,3.491847277,1.281450152,1.916135073,1.667959571,0.280761719,0.218966439,0.359130859,0.344869614,0.495709687,1.458250523,2.081019402,0.973296046,1.25429213,2.171378374
388,388,1.180598378,1.712967277,1.35042417,1.349984407,1.063310504,0.33984375,0.366460592,0.509277344,0.414734572,0.504733682,1.538091421,0.993073404,0.310915589,0.69546771,0.577720821
389,389,3.046499252,6.253293991,4.377301693,7.548638821,3.532853842,0.313964844,0.314782202,0.484375,0.352338463,0.498273373,2.086148739,2.237403393,0.400026292,2.442498922,1.851596832
390,390,1.694923282,1.992004275,1.14572382,1.881633043,1.206470847,0.318847656,0.290426254,0.517578125,0.366524428,0.496628642,1.151996255,1.878883362,0.909849107,0.8649652,1.09916389
391,391,0.534837902,0.868330777,2.035968781,0.406478494,0.614077687,0.604003906,0.53269428,0.494384766,0.723972023,0.495438099,0.201140091,0.477396101,2.10542345,0.117330983,0.204637393
392,392,4.865285873,4.980666637,4.294635773,6.901763916,6.859649658,0.469726563,0.427577496,0.603515625,0.397135347,0.498167932,0.742318869,1.446223974,0.821195841,1.833912492,1.921209931
393,393,2.342171192,2.335058928,1.413519263,2.633765936,3.18044281,0.350585938,0.271321386,0.623535156,0.388939828,0.500239313,0.858805478,1.858665705,1.111623883,1.030946612,1.264846087
394,394,3.461519003,2.888798714,3.107501984,3.691104174,2.730012178,0.295166016,0.271130115,0.299560547,0.362708747,0.501871645,0.395364553,1.258148432,1.869006515,0.981512785,1.626410365
395,395,1.098715186,2.286817551,1.331829667,2.916740894,2.737042189,0.352783203,0.419818521,0.445556641,0.353228033,0.504493892,0.519461691,2.60863328,1.328150988,3.205301762,1.857267618
396,396,3.309293747,2.127489567,1.684436798,1.7275877,1.403164029,0.578613281,0.44304955,0.500488281,0.556552529,0.500271797,2.001395941,1.115909457,1.047828913,1.891443729,1.573188186
397,397,0.647331715,1.772543311,3.361115217,2.002056837,2.300024509,0.419433594,0.373071969,0.503417969,0.521057367,0.503576517,0.12105839,1.329470873,2.401866436,1.498520851,1.399448276
398,398,0.528757513,1.140758872,2.08901,0.266036361,2.130701065,0.496337891,0.445736319,0.444824219,0.429464787,0.501003981,0.653838336,1.533651352,2.256729364,0.13694033,2.013148308
399,399,0.369628817,0.999164402,1.240474701,0.268222868,1.162483811,0.475097656,0.481893986,0.482666016,0.553041995,0.498310536,0.375500858,1.325946331,1.555402517,0.114676081,1.393905401
400,400,0.198940203,0.668605149,0.88676852,0.347523153,0.589432657,0.282470703,0.255408704,0.679199219,0.373325408,0.503999233,0.068592101,0.695336819,1.061290383,0.487342745,1.00902307
401,401,7.505063534,5.60106802,6.738399029,4.187565804,5.640391827,0.531738281,0.606983125,0.663574219,0.514990509,0.483532041,1.254453897,0.795919001,0.916113913,3.058765173,0.492270887
402,402,2.250111341,2.201833487,0.908703804,0.965354383,0.988902867,0.623046875,0.558075368,0.581054688,0.703814149,0.482123852,1.87045157,2.694090366,0.466846019,0.477359742,0.246992126
403,403,0.332862258,0.69004631,0.287134379,0.963296235,0.680925786,0.661132813,0.559280813,0.370849609,0.571713626,0.500097513,0.100128062,0.459326893,0.134891376,0.726067245,0.675805628
404,404,1.381869316,0.96925205,5.692813396,0.013015889,0.443596691,0.704101563,0.640934527,0.551757813,0.585357904,0.496291906,1.951899767,1.379992008,2.372428417,0.01583162,0.952270985
405,405,4.601989269,2.682320595,1.367007732,1.820856929,0.988685071,0.294433594,0.332709968,0.456054688,0.40172112,0.501434445,2.299716234,1.617035031,1.500594258,1.859954834,0.730886877
406,406,1.462937355,1.561615229,1.440125108,1.394056678,1.303449988,0.545410156,0.5737077,0.655761719,0.514041901,0.501626253,1.134986162,0.260004431,0.794765532,0.448891521,0.600022972
407,407,6.987359524,7.427901745,6.265572548,5.793887138,7.19177103,0.389404297,0.318926632,0.600097656,0.468648404,0.51025939,1.124949455,1.190105319,1.099859834,3.408884287,0.263286859
408,408,4.106109142,6.429010868,4.038496494,6.288318634,3.43920517,0.362304688,0.386882275,0.444580078,0.363672018,0.504874825,3.612630367,1.135100484,1.897465229,0.51015228,1.558855057
409,409,3.03130126,2.345974684,0.48955518,4.433090687,1.723874688,0.340576172,0.351921588,0.674316406,0.335834503,0.500987053,1.640584469,2.230229616,0.30951646,1.36075604,1.542696595
410,410,1.142389894,2.320581198,2.648924112,1.848760962,1.434253335,0.325683594,0.323669076,0.225219727,0.371468216,0.504160821,1.638431191,2.434884787,2.578469515,2.433562994,2.7757442
411,411,0.135606632,0.517501891,0.593464017,0.124997497,0.679478347,0.484130859,0.398169994,0.374023438,0.482159704,0.486890793,0.244619861,0.874442339,0.491232961,0.085517965,0.832784951
412,412,0.101716153,1.596996903,5.818561554,0.015895411,1.344041944,0.297363281,0.357485384,0.64453125,0.510346055,0.496435583,0.185765952,3.125989914,0.261146963,0.009710945,2.13320446
413,413,0.283827215,0.338426352,0.446301788,0.270409882,0.596472204,0.618164063,0.592562199,0.458984375,0.663936019,0.491075009,0.062568538,0.142062351,0.557018042,0.063096866,0.447717875
414,414,2.440959215,4.367662907,2.168322325,1.04047513,1.91640687,0.369873047,0.285101771,0.436035156,0.363242179,0.503864646,2.628620386,3.186054468,1.779757619,1.18926239,0.927341104
415,415,0.61559701,0.715657175,0.391508758,0.888138115,0.502883673,0.325439453,0.357664317,0.634277344,0.45624882,0.502896488,0.516269505,0.557450891,0.166157827,0.652353704,0.181103498
416,416,1.806503296,1.806430459,1.29019165,1.818825603,2.540205717,0.278564453,0.303667396,0.407714844,0.359218836,0.50183779,0.666292548,0.646472454,0.039549977,0.749322534,0.607699513
417,417,1.434136391,2.500374556,1.132036805,1.114057302,1.366389275,0.498779297,0.434674233,0.495117188,0.537333608,0.489875138,1.652338743,2.406116247,0.217249677,0.659276843,0.956499577
418,418,0.139542446,0.19280833,0.729880571,0.179083347,0.253310502,0.432861328,0.36507988,0.421875,0.505342484,0.495874971,0.081807427,0.176033214,1.074392319,0.11476744,0.171435222
419,419,1.836033225,2.38547039,1.185131431,1.13169229,1.46113348,0.495849609,0.404046506,0.5390625,0.493743598,0.499246806,0.904715598,1.524395823,0.377949446,0.470931709,1.179368615
420,420,1.08630085,1.321089029,1.222149849,1.017362237,1.278930068,0.505371094,0.46549207,0.388427734,0.489109188,0.497736096,0.555599928,0.730486333,0.732710361,0.372735083,0.680430353
421,421,0.061757445,0.594737291,0.330743372,0.446348816,0.335123122,0.356201172,0.398840308,0.374267578,0.436270028,0.499100655,0.073678143,1.103132486,0.428200334,0.806037903,0.325872183
422,422,1.223403454,1.806763887,0.630412042,0.735347927,0.304240316,0.368408203,0.35817939,0.428710938,0.466141433,0.506631076,1.795791984,1.563308835,0.358356327,0.612253666,0.169501632
423,423,0.99813205,0.942276001,1.058555365,1.123074412,1.267681241,0.416015625,0.310160607,0.403076172,0.395534694,0.497206211,0.57269913,0.33367455,0.552874267,1.122909904,1.770883441
424,424,3.936843157,2.379378319,2.402040005,2.354031801,3.665778399,0.359619141,0.333757043,0.508789063,0.363595903,0.499450445,1.785967827,0.839666784,0.587242424,1.687625289,1.874727726
425,425,3.575550795,2.744119644,3.53478241,2.922691107,2.987312794,0.599609375,0.453433692,0.385253906,0.562822342,0.506998003,1.205343366,1.474264383,1.005566716,1.450946808,1.720888853
426,426,1.02247262,2.418591022,3.125543356,2.27105689,1.12651372,0.433105469,0.406627148,0.477539063,0.30644232,0.500802279,1.385710359,2.958665848,4.025849342,1.912316442,0.98000294
427,427,0.963370919,0.542471707,0.781399846,2.42241931,0.621847749,0.610839844,0.658753753,0.4921875,0.539628148,0.502806902,0.806159556,0.194559276,0.51881361,3.184808493,0.348561794
428,428,0.835166574,1.520243049,1.427315474,1.298654556,0.958036423,0.490234375,0.412466884,0.4296875,0.483931482,0.496207416,0.372521609,1.541511774,1.026980996,0.398251921,0.417797834
429,429,1.794817328,2.27494669,1.115648508,1.395879745,2.009106159,0.355224609,0.37535736,0.524902344,0.456159323,0.49908784,0.652997375,0.936098635,0.929981411,0.371730447,1.065099478
430,430,0.943329632,1.13623023,1.14750874,0.44700852,1.456131697,0.379882813,0.42014125,0.536132813,0.360798508,0.494791925,0.691936314,0.814634144,0.908064067,0.127447739,1.248755813
431,431,0.142129511,1.672550559,2.5521276,0.252090424,0.661186695,0.470947266,0.498641372,0.573730469,0.35744068,0.509263933,0.112102225,1.884985805,2.298088312,0.275038153,0.866740108
432,432,0.409923464,0.357897013,0.3152785,0.740054071,0.632490337,0.40234375,0.41068393,0.58984375,0.439491391,0.501666903,0.305556476,0.207243979,0.17061241,0.535703838,0.296613812
433,433,1.816022515,2.383769751,1.29124999,1.585097194,1.163872123,0.519042969,0.447587579,0.540527344,0.56250298,0.500731528,0.932348371,0.844941676,1.184891701,0.520495415,0.732329965
434,434,1.800976992,1.615790367,1.40254271,1.836610794,2.357954502,0.273681641,0.282304138,0.342285156,0.301161438,0.499285936,1.588915706,0.470392644,0.990801871,1.875937343,1.085655808
435,435,3.818716764,4.56369257,5.982853889,3.617866516,6.150154114,0.323730469,0.380237967,0.637695313,0.336397529,0.4944942,2.91159606,3.736086369,2.895498514,4.112825871,3.162853718
436,436,1.416764855,2.431113958,3.219304323,3.259714603,0.63038516,0.501953125,0.450030863,0.578613281,0.537023723,0.503358364,1.315996289,1.98966372,3.141739368,2.434851646,0.208298147
437,437,1.038399696,1.094981074,1.303999424,0.973046243,0.995021999,0.339599609,0.359137923,0.318115234,0.478847831,0.499053448,0.068305865,0.621860564,1.055529594,0.456274986,0.302640319
438,438,1.145716667,2.643894196,3.535116196,2.606235266,2.31774497,0.538085938,0.417529404,0.655273438,0.445139617,0.491326272,0.910484731,1.625833273,1.853301287,1.064326406,1.525025129
439,439,2.951425552,2.336132526,2.418288946,2.454226732,1.278274536,0.399414063,0.442552358,0.478271484,0.353416324,0.50627315,2.922587156,1.970442295,0.829340398,1.265201569,1.341360331
440,440,0.830557048,1.432916284,1.060849071,1.268385887,1.5788697,0.545410156,0.467525423,0.349853516,0.557689011,0.505111516,0.540440679,0.477931887,0.60261637,0.615949154,0.654259324
441,441,0.204299971,0.132015988,0.807173729,0.118434243,2.101665974,0.299072266,0.349038363,0.5546875,0.402573228,0.493993461,0.206358656,0.061083052,1.544793725,0.026234485,3.098588705
442,442,3.655512571,4.399676323,3.369658709,2.624696016,1.803247333,0.375488281,0.429225594,0.381591797,0.343227476,0.516050994,2.40442276,3.866929054,2.008110523,1.912497044,1.282138586
443,443,1.050145984,1.909378052,1.767296076,1.19907105,0.925199449,0.595703125,0.483970553,0.437744141,0.670996964,0.500763416,0.246714458,0.929890335,1.896894693,0.720552325,0.478582531
444,444,1.5117383,1.84645927,1.440715075,0.848788559,0.693532944,0.286132813,0.341993213,0.379394531,0.353399754,0.505009592,0.255229026,0.638103426,0.664393127,0.63428092,0.366372049
445,445,0.276864678,2.545757055,0.287802219,0.305522114,0.814565301,0.549804688,0.48138991,0.404296875,0.549636781,0.506176531,0.044826224,2.978145838,0.066044383,0.056261584,1.126667023
446,446,1.15024817,1.751596808,3.316395283,1.779586196,1.514251113,0.386230469,0.449178427,0.364257813,0.432511926,0.497739196,0.447920561,0.871508956,0.854572415,1.113973498,0.644759119
447,447,7.129371643,7.868236065,0.224778816,5.051957607,3.211428165,0.390380859,0.404370129,0.548828125,0.370870441,0.498784155,0.649099231,0.192865834,0.418844581,2.103151083,3.733828783
448,448,0.474702746,0.89244765,0.331088275,1.075248957,1.253236413,0.501953125,0.468769759,0.524902344,0.396160424,0.504658818,0.190733835,0.462174177,0.242852226,1.24203372,0.729677081
449,449,1.928199053,2.75188756,3.460799456,2.941024542,2.359740973,0.393554688,0.425239354,0.573730469,0.376545131,0.504752338,0.903925538,1.60455811,1.231883168,0.536167145,0.67348206
450,450,0.262694567,0.977360189,0.369404793,0.526032805,1.717511058,0.434326172,0.37081182,0.473144531,0.467660636,0.49623394,0.278304666,1.406568527,0.313041031,0.297555447,2.131055832
451,451,2.844789982,2.082728624,1.98358047,2.323755264,2.380275726,0.335449219,0.354281545,0.5546875,0.347746044,0.497946054,0.215565085,1.016247749,0.952881753,0.789544165,1.128832579
452,452,2.501231432,3.117728472,4.330884457,2.866342306,2.258625746,0.544921875,0.613943517,0.510253906,0.525673628,0.498362869,1.285082459,1.448321462,2.910226107,1.012321353,0.417619884
453,453,0.551928937,0.754479885,0.663933694,0.606530607,0.760331571,0.427246094,0.479357839,0.523925781,0.601295829,0.495508671,0.266853094,0.365129173,0.206183359,0.28605485,0.304019779
454,454,1.575866818,1.884036899,1.265877008,3.207164049,1.813964725,0.371582031,0.385611087,0.293701172,0.405402333,0.495825589,0.664158881,0.797141552,0.728475749,1.781053424,1.737287164
455,455,0.681400776,1.043726802,0.180418134,0.055197526,0.239736468,0.527832031,0.501796067,0.446533203,0.553597331,0.506569862,1.028721809,1.840941072,0.255848676,0.050507881,0.098757833
456,456,0.442643553,1.089292407,2.344952106,0.479958057,0.453222096,0.547851563,0.448078662,0.536132813,0.544402778,0.500891685,0.295963496,0.936882496,2.098855734,0.344633847,0.385568261
457,457,5.645880222,5.701268673,1.274705052,0.468034744,5.13266325,0.349365234,0.265420526,0.334228516,0.439905226,0.498414129,2.324868917,0.911158502,1.549485922,0.596481383,2.5521245
458,458,2.34483242,1.999988556,1.95410049,1.793227792,2.726428747,0.403808594,0.354184568,0.709960938,0.426226258,0.502402902,0.877462745,0.560995102,0.868285656,0.408612818,1.178276896
459,459,1.950644493,1.700497985,3.830841064,1.804427743,2.488432407,0.483154297,0.560381293,0.491943359,0.424848974,0.498190165,0.601943851,1.124314785,0.921698809,0.68970269,1.748328567
460,460,2.599334478,4.510243416,3.575028181,3.773268938,3.625785828,0.362792969,0.420817524,0.538085938,0.415285051,0.506857574,2.80677557,2.60583806,1.588140488,3.534924984,3.358560085
461,461,1.092510104,2.527863026,0.375945032,1.520130157,1.613390207,0.365722656,0.393752366,0.396972656,0.435063362,0.492881775,0.598989785,2.078681946,0.224065721,0.943193674,1.088254809
462,462,3.311777592,1.926651001,1.909365535,2.733326435,2.91917634,0.402587891,0.389214188,0.397216797,0.413739026,0.502364457,0.730687857,0.768819273,0.522089124,1.206187487,0.981187224
463,463,2.931031466,2.394915342,3.14877677,2.533028126,1.688939691,0.336181641,0.438571334,0.230834961,0.490442812,0.501600266,0.185254082,0.500047207,1.325490236,1.134414911,0.446212083
464,464,3.011114597,2.771733046,1.095142484,0.852315545,0.801253498,0.279052734,0.279471815,0.471191406,0.345683724,0.49674347,3.148579597,1.444380999,0.964345336,0.775984108,0.229063809
465,465,1.587809563,1.304372072,1.053059936,1.174979568,2.206409216,0.453125,0.362279385,0.653808594,0.464118958,0.499646276,0.76370424,0.816885531,0.200063556,0.437002569,1.766815543
466,466,2.448878288,1.307356238,1.460226655,1.884405732,1.175191522,0.383544922,0.37784341,0.229370117,0.43567127,0.49298352,1.790792465,0.730656743,0.576472521,0.450483263,0.652072906
467,467,3.809285879,1.857454181,3.211823702,3.825880051,2.14472127,0.489013672,0.408613652,0.525390625,0.441482157,0.502129734,0.876308858,1.208289146,1.522049546,1.26525259,0.363506198
468,468,2.882532358,3.343203068,1.431506395,5.85116148,2.657342672,0.388671875,0.370800465,0.612304688,0.361616731,0.500511706,1.474845409,2.841696739,1.680490255,1.681607723,1.743787169
469,469,1.127599716,0.642815888,0.365168482,1.111679554,0.624725521,0.60546875,0.470914185,0.401123047,0.628182411,0.504248798,1.334956765,0.310904711,0.335250616,0.969326019,0.347496092
470,470,2.372214079,1.336062312,1.534600854,2.024040222,1.384104371,0.419433594,0.47667864,0.547363281,0.355332613,0.49501285,1.768825412,0.120752163,0.778132737,1.750947237,0.881190658
471,471,2.779538631,3.38305521,2.779685259,2.563958168,2.233594656,0.552246094,0.534225166,0.511230469,0.481176496,0.504046559,0.817987084,1.717573762,0.470789641,0.693033218,0.652035594
472,472,1.063789248,0.828152955,0.764494836,1.354638934,0.98851043,0.394775391,0.357445508,0.537597656,0.445832223,0.506606579,1.002171755,0.208385915,0.52046901,0.947036386,0.738342047
473,473,2.368433475,0.96254921,1.091318727,1.038530231,2.25792861,0.283691406,0.334636509,0.416992188,0.342909455,0.503590226,1.716540456,0.532733321,0.508298695,0.548586011,2.41830945
474,474,1.67227447,0.729633331,1.62134397,0.698239803,0.673001111,0.325439453,0.345067084,0.635742188,0.320338041,0.495878994,1.129142404,0.562442541,1.277216315,0.487888515,0.33805421
475,475,2.140316725,1.559209943,0.456362307,2.134979963,1.743880153,0.452148438,0.432637095,0.462646484,0.397687882,0.503508925,1.900123,1.16699791,0.204674393,1.06175065,1.946044803
476,476,1.161818862,1.507523179,2.505326033,3.380523682,0.973758876,0.473876953,0.361396939,0.505859375,0.485755682,0.503067553,1.254477262,0.204428405,1.281447887,2.554325104,0.703247368
477,477,0.450836957,2.233358145,1.352451205,4.347604752,3.390105963,0.503417969,0.385620654,0.635253906,0.448305666,0.504170239,0.617373049,2.537188292,0.997355103,1.117837071,2.142984152
478,478,1.656660438,1.810651422,2.024748325,1.555873752,0.991143048,0.337158203,0.321451187,0.518066406,0.366406232,0.507227123,1.22483027,0.88404578,0.543442845,0.600924909,0.353922039
479,479,2.060701847,2.249654055,0.608153641,2.382253885,0.701110959,0.577148438,0.615549207,0.481933594,0.494698197,0.500211,1.896631598,2.295680285,0.709510326,2.258827686,0.76848805
480,480,1.680941463,0.580815375,1.074925303,0.975889146,1.590626955,0.454345703,0.420983225,0.365722656,0.417522937,0.503655195,1.494675159,0.387635797,0.534555972,1.219672441,1.095324874
481,481,0.741601944,0.972956657,1.009805679,2.327569723,1.567243576,0.594238281,0.537637651,0.403320313,0.555114746,0.487674832,0.232381269,0.617987394,0.35830766,0.162383988,1.616435051
482,482,1.734677672,2.424245119,3.301525831,1.272390485,1.843112946,0.480712891,0.438161224,0.631347656,0.449956596,0.506257892,0.555323482,1.004238963,1.581731439,0.148174927,0.43514514
483,483,0.137152568,1.693426728,0.369802624,1.123172164,0.404391021,0.418212891,0.406396419,0.546386719,0.416914403,0.490001261,0.038548287,1.029659748,0.662352979,2.195393085,0.50662601
484,484,0.913623631,1.620957017,0.935651898,2.591140747,3.618059158,0.415527344,0.410466284,0.598632813,0.450187474,0.489328742,0.785224795,2.454673529,1.239762664,1.580620289,1.324031591
485,485,4.345700264,1.72631824,1.431068301,2.377828598,1.675330758,0.331542969,0.298475116,0.438476563,0.351013601,0.491473109,2.708244324,0.922082305,0.787406683,1.259293437,1.074528217
486,486,2.314250469,0.487498581,2.535963535,1.715025783,0.579054415,0.35546875,0.328178138,0.398193359,0.349338233,0.498965651,2.720304966,0.257720351,1.722768545,1.803018928,0.805235505
487,487,1.645158768,1.920274377,2.161664009,1.335990667,2.056081772,0.389648438,0.320520282,0.524902344,0.380632907,0.493539989,1.071300983,2.5940063,1.786962032,1.295734525,1.959756374
488,488,2.46992135,1.811466455,2.544818401,2.125680923,1.733806252,0.225952148,0.216249004,0.556152344,0.217209175,0.496715188,1.667217731,0.235508993,3.330394745,1.117031217,0.31941542
489,489,4.261417389,3.945389509,1.329886317,3.452426195,3.544466496,0.381591797,0.342450112,0.686523438,0.463074625,0.490991503,0.402455568,0.344282478,1.577976584,1.293034077,1.600527167
490,490,2.311299562,4.021519661,2.682956457,2.6221416,1.766747475,0.282470703,0.26053682,0.531738281,0.292597353,0.496478975,0.523555577,1.310825706,0.819895029,1.287260175,0.33435455
491,491,3.906719923,3.421166182,1.246736884,3.050352097,3.887545347,0.381103516,0.356730133,0.521972656,0.370679826,0.500360489,1.268131375,1.065579176,0.398764163,1.732323647,0.839865863
492,492,3.151480198,3.499648333,2.86924696,3.067328215,0.845986545,0.372314453,0.336496115,0.532714844,0.364259452,0.507748783,1.59774375,0.466210186,0.970693052,1.406515837,0.24327819
493,493,3.021202803,1.729802728,2.992624521,3.735118866,1.807773829,0.411621094,0.38844645,0.347900391,0.437733054,0.496683389,1.707870007,1.173657179,1.424056053,1.734989047,1.092030644
494,494,2.327667952,2.413244247,0.944477201,1.708363891,2.209396601,0.385498047,0.426890045,0.426757813,0.310741812,0.491966695,2.005284071,1.338124156,0.475103259,1.413733006,1.150553823
495,495,0.837503731,2.976439238,6.676745892,4.623629093,2.306240797,0.389648438,0.304669261,0.645996094,0.354839921,0.498945177,1.770908475,3.159904718,0.543762863,3.876054764,3.533439398
496,496,0.642133415,0.884681642,1.283249974,0.483725309,0.370940834,0.662597656,0.552929819,0.518554688,0.608868301,0.501412809,0.288365036,1.213945866,1.656535387,0.48103863,0.377941728
497,497,1.335186601,0.609313667,1.520607829,0.717353404,1.188721895,0.508300781,0.438084573,0.659179688,0.523365557,0.498591214,1.033934712,0.751495183,1.619277835,0.678143203,1.085954428
498,498,0.89145577,1.496017337,2.153800964,1.311860085,0.996528268,0.432373047,0.373602331,0.390136719,0.487659991,0.496121109,0.359567463,0.44004792,1.232740521,0.795099795,0.339344859
499,499,3.313777924,4.02249527,3.165205717,2.148147345,2.833730221,0.440185547,0.379247397,0.480957031,0.38354072,0.49754402,2.258441448,2.295134306,2.445668221,3.080102444,3.884717941